{"energy": 2275.0, "carbohydrates": 276.75, "sugars": 59.0, "proteins": 72.05000000000001, "fat": 105.5, "fiber": 19.9, "fiber_low": 14.599999999999998, "fiber_high": 25.2, "carbLI": 44.6025, "carbLI_low": 31.264999999999997, "carbLI_high": 57.410000000000004, "carbLI_error": 13.072500000000003, "bacwetweight": 117.72413793103448, "fecaldrymass": 29.58620689655172, "fecaldrymassstd": 6.845624030794191, "fecealfractionbac": 0.546888888888889, "fecealfractionbacstd": 0.05063458414079364, "bacterialdrymass_feces": 16.180367816091955, "bacterialdrymass_feces_error": 4.014685909630688, "energybacteria_fromfeces": 101.11785577697411, "FP_fromfeces": 471.0230005849163, "FP_fromfeces_g": [10.904335695602317, 2.153651111637971, 5.520037668578593, 6.865692286187041, 2.47897326682256, 4.179730053279632], "FP_fromfeces_gsum": 32.10242008210811, "energyfrac_fromfeces": 0.04444740913273587, "energybacteria_fromfeces_error": 25.20015915064229, "energyfrac_fromfeces_error": 0.011076993033249358, "FP_fromfeces_error": 117.38633584688701, "energy_fromcarbs": 132.6770146867717, "FP_fromcarbs": 618.0305652866002, "FP_fromcarbs_g": [14.307608642591124, 2.825811504539835, 7.242856498469267, 9.008493596802731, 3.2526675927124113, 5.484235216467104], "FP_fromcarbs_gsum": 42.121673051582476, "ferm_fromcarbs_cc": 1379.6490277186267, "drymass_fromcarbs": 21.230304795108673, "energyfrac_fromcarbs": 0.05831956689528427, "FP_fromcarbs_error": 181.13793093905238, "FP_fromcarbs_gsum_error": 12.345397028570419, "drymass_fromcarbs_error": 6.222367791806698, "energy_fromcarbs_error": 38.88616724382767, "energyfrac_fromcarbs_error": 0.017092820766517657, "FP_infeces": 9.041213793103447, "FP_infeces_error": 9.41793103448276, "fecalwetmass": 117.72413793103448, "FPlist_fromcarbs": [238.25365753998406, 32.07140511337913, 157.35078206537622, 100.0054795382186, 43.90809261345876, 46.44114841618345]}