{"energy": 2275.0, "carbohydrates": 276.75, "sugars": 59.0, "proteins": 72.05000000000001, "fat": 105.5, "fiber": 19.9, "fiber_low": 14.599999999999998, "fiber_high": 25.2, "carbLI_standard": 35.670500000000004, "carbLI_higher": 44.6025, "carbLI_lower": 25.755000000000003, "carbLI_error": 9.423749999999998, "bacwetweight": 117.72413793103448, "fecalwetmass": 117.72413793103448, "fecaldrymass": 29.58620689655172, "fecaldrymassstd": 6.845624030794191, "fecealfractionbac": 0.546888888888889, "bacterialdrymass_feces": 16.180367816091955, "energybacteria_fromfeces": 101.11785577697411, "FP_fromfeces": 471.0230005849163, "FP_fromfeces_g": [10.904335695602317, 2.153651111637971, 5.520037668578593, 6.865692286187041, 2.47897326682256, 4.179730053279632], "FP_fromfeces_gsum": 32.10242008210811, "energyfrac_fromfeces": 0.04444740913273587, "energybacteria_fromfeces_error": 23.39653832171075, "energyfrac_fromfeces_error": 0.010284192668883845, "FP_fromfeces_error": 108.98478413049628, "bacterialdrymass_feces_error": 3.743795719952113, "energy_fromcarbs_standard": 106.10740322592885, "FPlist_fromcarbs_standard": [190.54149635737915, 25.648855021507547, 125.84005541534675, 79.97859890965813, 35.115153131963034, 37.14094466856056], "FP_fromcarbs_standard": 494.2651035044152, "FP_fromcarbs_g_standard": [11.442397939253333, 2.2599206159450302, 5.7924177507684105, 7.204472189782004, 2.6012954288626893, 4.385974155910317], "FP_fromcarbs_gsum_standard": 33.68647808052178, "ferm_fromcarbs_cc_standard": 1103.363503015241, "drymass_fromcarbs_standard": 16.978769961188814, "energyfrac_fromcarbs_standard": 0.04664061680260609, "energy_fromcarbs_lower": 76.61221934326116, "FPlist_fromcarbs_lower": [137.57576256806885, 18.519119751024707, 90.85969154405616, 57.74656410530397, 25.35402556492642, 26.816698110168822], "FP_fromcarbs_lower": 356.8718616435489, "FP_fromcarbs_g_lower": [8.261699693737672, 1.631719641262787, 4.182271601772905, 5.201810494605781, 1.8782008598241842, 3.1667838798298362], "FP_fromcarbs_gsum_lower": 24.322486171033166, "ferm_fromcarbs_cc_lower": 796.6562571356592, "drymass_fromcarbs_lower": 12.25909982619862, "energy_fromcarbs_higher": 132.6770146867717, "FPlist_fromcarbs_higher": [238.25365753998406, 32.07140511337913, 157.35078206537622, 100.0054795382186, 43.90809261345876, 46.44114841618345], "FP_fromcarbs_higher": 618.0305652866002, "FP_fromcarbs_g_higher": [14.307608642591124, 2.825811504539835, 7.242856498469267, 9.008493596802731, 3.2526675927124113, 5.484235216467104], "FP_fromcarbs_gsum_higher": 42.121673051582476, "ferm_fromcarbs_cc_higher": 1379.6490277186267, "drymass_fromcarbs_higher": 21.230304795108673, "energyfrac_fromcarbs_lower": 0.03367570081022469, "energyfrac_fromcarbs_higher": 0.05831956689528427, "FP_fromcarbs_standard_error": 130.57935182152568, "FP_fromcarbs_gsum_standard_error": 8.899593440274653, "drymass_fromcarbs_standard_error": 4.485602484455027, "energy_fromcarbs_standard_error": 28.03239767175528, "energyfrac_fromcarbs_standard_error": 0.012321933042529794, "FP_infeces": 9.041213793103447, "FP_infeces_error": 9.41793103448276}