{"energy": 2275.0, "carbohydrates": 276.75, "sugars": 59.0, "proteins": 72.05000000000001, "fat": 105.5, "fiber": 19.9, "fiber_low": 14.599999999999998, "fiber_high": 25.2, "carbLI_standard": 35.670500000000004, "carbLI_higher": 44.6025, "carbLI_lower": 25.755000000000003, "carbLI_error": 9.423749999999998, "bacwetweight": 117.72413793103448, "fecalwetmass": 117.72413793103448, "fecaldrymass": 29.58620689655172, "fecaldrymassstd": 6.845624030794191, "fecealfractionbac": 0.546888888888889, "bacterialdrymass_feces": 16.180367816091955, "energybacteria_fromfeces": 101.71752675768855, "FP_fromfeces": 467.3659285620218, "FP_fromfeces_g": [8.035607499560594, 2.7046488116402316, 6.192333401520376, 9.51608312429447, 1.6695716933854843, 4.741614607512687], "FP_fromfeces_gsum": 32.859859137913844, "energyfrac_fromfeces": 0.04471100077261035, "energybacteria_fromfeces_error": 23.53528953407475, "energyfrac_fromfeces_error": 0.01034518221278011, "FP_fromfeces_error": 108.13861482566425, "bacterialdrymass_feces_error": 3.743795719952113, "energy_fromcarbs_standard": 98.74730465043015, "FPlist_fromcarbs_standard": [129.903453754712, 29.799922782745863, 130.5998910474014, 102.55558301278339, 21.8796021223617, 38.98006759839011], "FP_fromcarbs_standard": 453.7185203183944, "FP_fromcarbs_g_standard": [7.8009622048779645, 2.6256711963877377, 6.011512984911887, 9.238206917791528, 1.6208190456224323, 4.603156182693888], "FP_fromcarbs_gsum_standard": 31.900328532285435, "ferm_fromcarbs_cc_standard": 1038.8323154868044, "drymass_fromcarbs_standard": 15.707889889004568, "energyfrac_fromcarbs_standard": 0.04340540863755171, "energy_fromcarbs_lower": 71.29804267593188, "FPlist_fromcarbs_lower": [93.7935675544948, 21.51629529357928, 94.29641283205514, 74.04771563320492, 15.797624161742212, 28.14459121673476], "FP_fromcarbs_lower": 327.59620669181106, "FP_fromcarbs_g_lower": [5.632491318782521, 1.8958007783172701, 4.340463882659498, 6.6702182242390995, 1.170272200277701, 3.323594776784208], "FP_fromcarbs_gsum_lower": 23.0328411810603, "ferm_fromcarbs_cc_lower": 750.0631133671424, "drymass_fromcarbs_lower": 11.341492384219807, "energy_fromcarbs_higher": 123.47392539131242, "FPlist_fromcarbs_higher": [162.43166751502054, 37.261912670622, 163.3024947909819, 128.2358080578537, 27.358320002877377, 48.74079323410646], "FP_fromcarbs_higher": 567.3309962714619, "FP_fromcarbs_g_higher": [9.754346497612014, 3.2831471254085045, 7.516813835228898, 11.551481589851461, 2.026676987493153, 5.755800273015632], "FP_fromcarbs_gsum_higher": 39.88826630860966, "ferm_fromcarbs_cc_higher": 1298.95903762213, "drymass_fromcarbs_higher": 19.641192547744666, "energyfrac_fromcarbs_lower": 0.031339798978431595, "energyfrac_fromcarbs_higher": 0.054274252919258206, "FP_fromcarbs_standard_error": 119.86739478982543, "FP_fromcarbs_gsum_standard_error": 8.427712563774682, "drymass_fromcarbs_standard_error": 4.1498500817624295, "energy_fromcarbs_standard_error": 26.087941357690273, "energyfrac_fromcarbs_standard_error": 0.011467226970413306, "FP_infeces": 9.041213793103447, "FP_infeces_error": 9.41793103448276, "proteins_LI": 7, "mucus": 4.4, "mucus_protein": 0.8800000000000001, "mucus_CH": 3.5200000000000005}