{"fecaldryweight_GF": 1.5499999999999998, "fecaldryweightSTD_GF": 0.2685652113123975, "energyinfood_GF": 62.7664852, "energyinfoodSTD_GF": 8.949038238171195, "energydensityinfeces_GF": 16.14426285714286, "energydensityinfecesSTD_GF": 0.1950326235567492, "energyinfeces_GF": 25.023607428571427, "energyinfecesstd_GF": 4.6380879322244235, "energytohost_GF": 37.74287777142857, "energyextraction_GF": 0.6013221490922128, "energyextractionSTD_GF": 0.08573452677075334, "fecaldryweight_SPF": 0.815, "fecaldryweightSTD_SPF": 0.08812869377601525, "energyinfood_SPF": 54.46630784, "energyinfoodSTD_SPF": 8.54861700280201, "energydensityinfeces_SPF": 16.64471272727273, "energydensityinfecesSTD_SPF": 0.37273695682319746, "energyinfeces_SPF": 13.565440872727274, "energyinfecesstd_SPF": 1.7706574107424677, "energytohost_SPF": 40.90086696727273, "energyextraction_SPF": 0.7509388572367149, "energyextractionSTD_SPF": 0.11786164580673167, "fecaldryweight_Oligo": 1.205, "fecaldryweightSTD_Oligo": 0.16291978745031907, "energyinfood_Oligo": 54.25287098947369, "energyinfoodSTD_Oligo": 8.005328988692762, "energydensityinfeces_Oligo": 16.74741090909091, "energydensityinfecesSTD_Oligo": 0.21341755885842845, "energyinfeces_Oligo": 20.180630145454547, "energyinfecesstd_Oligo": 2.985652784076652, "energytohost_Oligo": 34.07224084401915, "energyextraction_Oligo": 0.628026502977694, "energyextractionSTD_Oligo": 0.09266899019832771, "energy_from_microbiota": 8.149069683805887, "energy_from_microbiotaSTD": 1.755491634351854, "FP_production_via_feces": 11.862639645772473, "energy_from_microbiota_via_feces": 10.644943402733459, "energy_from_microbiota_via_fecesSTD": 1.1510735673650438, "FP_production_via_fecesSTD": 1.2827471616165649, "dailyenergyexp_SPF": 37.999088, "dailyenergyexpSTD_SPF": 2.3404484715769036, "energyfraction_from_microbiota": 0.21445434910979672, "energyfractionSTD_from_microbiota": 0.04804944603713973, "energyfraction_from_microbiota_via_feces": 0.2801368128291252, "energyfraction_from_microbiota_via_fecesSTD": 0.030292136678781445}