{"energy": 2275.0, "carbohydrates": 276.75, "sugars": 59.0, "proteins": 72.05000000000001, "fat": 105.5, "fiber": 19.9, "fiber_low": 14.599999999999998, "fiber_high": 25.2, "carbLI": 44.6025, "carbLI_low": 31.264999999999997, "carbLI_high": 57.410000000000004, "carbLI_error": 13.072500000000003, "bacwetweight": 117.72413793103448, "fecaldrymass": 29.58620689655172, "fecaldrymassstd": 6.845624030794191, "fecealfractionbac": 0.546888888888889, "fecealfractionbacstd": 0.05063458414079364, "bacterialdrymass_feces": 16.180367816091955, "bacterialdrymass_feces_error": 4.014685909630688, "energybacteria_fromfeces": 132.90116836614982, "FP_fromfeces": 471.0230005849163, "FP_fromfeces_g": [10.904335695602317, 2.153651111637971, 5.520037668578593, 6.865692286187041, 2.47897326682256, 4.179730053279632], "FP_fromfeces_gsum": 32.10242008210811, "energyfrac_fromfeces": 0.0584180959851208, "energybacteria_fromfeces_error": 33.121060255867526, "energyfrac_fromfeces_error": 0.014558707804776935, "FP_fromfeces_error": 117.38633584688701, "energy_fromcarbs": 182.594676392686, "FP_fromcarbs": 647.1447423875372, "FP_fromcarbs_g": [14.981611313831383, 2.958929801947806, 7.584052903076408, 9.432865614501155, 3.405894222047149, 5.742586508981861], "FP_fromcarbs_gsum": 44.105940364385766, "ferm_fromcarbs_cc": 1444.6415190066732, "drymass_fromcarbs": 22.23042176088533, "energyfrac_fromcarbs": 0.08026139621656528, "FP_fromcarbs_error": 189.67097460593203, "FP_fromcarbs_gsum_error": 12.926963856587257, "drymass_fromcarbs_error": 6.515491025596628, "energy_fromcarbs_error": 53.516482420119694, "energyfrac_fromcarbs_error": 0.02352372853631635, "FP_infeces": 9.041213793103447, "FP_infeces_error": 9.41793103448276}