{"glucose": -10.940418108958102, "maltose": -1.1621518864640017, "acetate": 11.139523943855421, "butyrate": 1.568167174232124, "formate": 8.636037657315482, "lactate": 6.810489766027103, "propionate": 2.0046733895375897, "succinate": 1.9260643437791605, "BM_represented": 48.44036171481976, "uptake": 13.264721881886105, "total_secretion": 32.08495627474688, "total_secretion_energy": 6.8373208994886925, "dryweightBRD": 15.635648319776125, "specieslevel_Bacteroides finegoldii": 0.17831011054739654, "specieslevel_Bacteroides fragilis": 1.323909579706275, "specieslevel_Bacteroides ovatus": 1.089770016021362, "specieslevel_Bacteroides thetaiotaomicron": 0.8962262787716957, "specieslevel_Bacteroides uniformis": 5.036355096395194, "specieslevel_Bifidobacterium adolescentis": 2.0746040267022696, "specieslevel_Bifidobacterium longum": 2.9197915391188247, "specieslevel_Blautia hydrogenotrophica": 0.011548932977303071, "specieslevel_Blautia wexlerae": 0.6230647465954606, "specieslevel_Collinsella aerofaciens": 1.87305075941255, "specieslevel_Dorea longicatena": 0.9028243001335112, "specieslevel_Escherichia coli": 3.080587436048064, "specieslevel_Eubacterium rectale": 2.7005725724966623, "specieslevel_Eubacterium siraeum": 0.7076036395193591, "specieslevel_Faecalibacterium prausnitzii": 5.033933900667557, "specieslevel_Fusicatenibacter saccharivorans": 1.4389040822429906, "specieslevel_Lachnospira eligens": 1.0810702574098798, "specieslevel_Parabacteroides distasonis": 1.4193156939919893, "specieslevel_Phocaeicola vulgatus": 6.303148018157543, "specieslevel_Prevotella copri": 6.7513182798397855, "specieslevel_Roseburia intestinalis": 0.7569804165554073, "specieslevel_Ruminococcus bromii": 2.2374720315086787, "genuslevel_Bacteroides": 13.911887253404542, "genuslevel_Bifidobacterium": 8.5211855129506, "genuslevel_Blautia": 1.274123770894526, "genuslevel_Collinsella": 1.921150501468625, "genuslevel_Dorea": 1.2563898878504673, "genuslevel_Escherichia": 3.0989081564753, "genuslevel_Faecalibacterium": 5.033933900667557, "genuslevel_Fusicatenibacter": 1.4389040822429906, "genuslevel_Lachnospira": 1.7336325511348463, "genuslevel_Lachnospiraceae_NA": 2.706240232843792, "genuslevel_Oscillospiraceae_NA": 0.7680415252336449, "genuslevel_Parabacteroides": 2.3115351652870495, "genuslevel_Phocaeicola": 10.46420658691589, "genuslevel_Prevotella": 8.950459399198932, "genuslevel_Roseburia": 3.761188797329773, "genuslevel_Ruminococcus": 3.0597331076101466, "familylevel_Bacteroidaceae": 24.37611240213618, "familylevel_Bifidobacteriaceae": 8.54832842883845, "familylevel_Coriobacteriaceae": 1.9389546777036046, "familylevel_Enterobacteriaceae": 5.158074586381843, "familylevel_Lachnospiraceae": 18.419423246995994, "familylevel_Oscillospiraceae": 10.46036585847797, "familylevel_Prevotellaceae": 9.090958953805073, "familylevel_Tannerellaceae": 2.3115949698264355, "orderlevel_Bacteroidales": 40.47674252550067, "orderlevel_Bifidobacteriales": 8.54832842883845, "orderlevel_Coriobacteriales": 1.9582203572763683, "orderlevel_Enterobacterales": 5.273879943925234, "orderlevel_Eubacteriales": 32.073119617623504, "classlevel_Actinomycetia": 8.755290805874498, "classlevel_Bacteroidia": 40.47674252550067, "classlevel_Clostridia": 32.073119617623504, "classlevel_Coriobacteriia": 2.3579549313751667, "classlevel_Gammaproteobacteria": 5.537753013084111, "phylumlevel_Actinobacteria": 11.113258536715621, "phylumlevel_Bacteroidetes": 40.48249215166889, "phylumlevel_Firmicutes": 39.985004883311085, "phylumlevel_Proteobacteria": 6.109310470493993, "specieslevel_glucose": -10.940418108958102, "specieslevel_maltose": -1.1621518864640017, "specieslevel_acetate": 11.139523943855421, "specieslevel_butyrate": 1.568167174232124, "specieslevel_formate": 8.636037657315482, "specieslevel_lactate": 6.810489766027103, "specieslevel_propionate": 2.0046733895375897, "specieslevel_succinate": 1.9260643437791605, "specieslevel_BM_represented": 48.44036171481976, "specieslevel_uptake": 13.264721881886105, "specieslevel_total_secretion": 32.08495627474688, "specieslevel_total_secretion_energy": 6.8373208994886925, "specieslevel_dryweightBRD": 15.635648319776125, "genuslevel_glucose": -11.215761718144373, "genuslevel_maltose": -0.8436950955454044, "genuslevel_acetate": 11.736464962272706, "genuslevel_butyrate": 1.331777787780729, "genuslevel_formate": 7.709243177311056, "genuslevel_lactate": 5.517119198110207, "genuslevel_propionate": 2.0520192705818845, "genuslevel_succinate": 2.2858599409554747, "genuslevel_BM_represented": 70.21152043150867, "genuslevel_uptake": 12.90315190923518, "genuslevel_total_secretion": 30.632484337012055, "genuslevel_total_secretion_energy": 6.559988135958884, "genuslevel_dryweightBRD": 15.909043942998766, "familylevel_glucose": -11.049699889490924, "familylevel_maltose": -1.5635119818943353, "familylevel_acetate": 13.1858683096066, "familylevel_butyrate": 0.9497133093316198, "familylevel_formate": 7.962318126425968, "familylevel_lactate": 5.6093889177908025, "familylevel_propionate": 2.032777801194115, "familylevel_succinate": 1.9868293572462656, "familylevel_BM_represented": 80.30381312416556, "familylevel_uptake": 14.176723853279594, "familylevel_total_secretion": 31.726895821595367, "familylevel_total_secretion_energy": 6.58136796379127, "familylevel_dryweightBRD": 14.489427929935212, "orderlevel_glucose": -10.98747155260312, "orderlevel_maltose": -1.3025615862807618, "orderlevel_acetate": 12.904950776947352, "orderlevel_butyrate": 0.9360813106887728, "orderlevel_formate": 7.551775897875569, "orderlevel_lactate": 4.4366565158678695, "orderlevel_propionate": 2.1206967592480392, "orderlevel_succinate": 2.2553933346512673, "orderlevel_BM_represented": 88.33029087316422, "orderlevel_uptake": 13.592594725164643, "orderlevel_total_secretion": 30.20555459527887, "orderlevel_total_secretion_energy": 6.257497996349734, "orderlevel_dryweightBRD": 14.9245820236467, "classlevel_glucose": -11.010213532163219, "classlevel_maltose": -1.27878861159779, "classlevel_acetate": 12.973004295552043, "classlevel_butyrate": 0.9232220909929112, "classlevel_formate": 7.608998186819535, "classlevel_lactate": 4.429265651174481, "classlevel_propionate": 2.121821596444988, "classlevel_succinate": 2.2507179804853137, "classlevel_BM_represented": 89.20086089345794, "classlevel_uptake": 13.567790755358796, "classlevel_total_secretion": 30.30702980146927, "classlevel_total_secretion_energy": 6.26139651792918, "classlevel_dryweightBRD": 14.95374626211181, "phylumlevel_glucose": -10.782308453152304, "phylumlevel_maltose": -1.470550157490454, "phylumlevel_acetate": 12.584854579452282, "phylumlevel_butyrate": 1.0622223204716552, "phylumlevel_formate": 7.586277120430953, "phylumlevel_lactate": 4.267253284347783, "phylumlevel_propionate": 2.1716619742246923, "phylumlevel_succinate": 2.1532075780029842, "phylumlevel_BM_represented": 97.69006604218959, "phylumlevel_uptake": 13.723408768133213, "phylumlevel_total_secretion": 29.82547685693035, "phylumlevel_total_secretion_energy": 6.182038310709218, "phylumlevel_dryweightBRD": 14.672955803774988}