{"glucose": -10.500454860360435, "maltose": -0.860878218613502, "acetate": 10.698999477279486, "butyrate": 1.8233211502756443, "formate": 8.52709468760983, "lactate": 7.045786915714297, "propionate": 1.7233965964362328, "succinate": 1.8960871853024575, "BM_represented": 43.67534575594125, "uptake": 12.222211297587439, "total_secretion": 31.714686012617946, "total_secretion_energy": 6.840274697948036, "dryweightBRD": 16.745796253534422, "specieslevel_Bacteroides finegoldii": 0.17831011054739654, "specieslevel_Bacteroides fragilis": 1.323909579706275, "specieslevel_Bacteroides ovatus": 1.089770016021362, "specieslevel_Bacteroides thetaiotaomicron": 0.8962262787716957, "specieslevel_Bacteroides uniformis": 5.036355096395194, "specieslevel_Bifidobacterium adolescentis": 2.0746040267022696, "specieslevel_Bifidobacterium longum": 2.9197915391188247, "specieslevel_Collinsella aerofaciens": 1.87305075941255, "specieslevel_Escherichia coli": 3.080587436048064, "specieslevel_Eubacterium rectale": 2.7005725724966623, "specieslevel_Faecalibacterium prausnitzii": 5.033933900667557, "specieslevel_Parabacteroides distasonis": 1.4193156939919893, "specieslevel_Phocaeicola vulgatus": 6.303148018157543, "specieslevel_Prevotella copri": 6.7513182798397855, "specieslevel_Roseburia intestinalis": 0.7569804165554073, "specieslevel_Ruminococcus bromii": 2.2374720315086787, "genuslevel_Bacteroides": 13.911887253404542, "genuslevel_Bifidobacterium": 8.5211855129506, "genuslevel_Collinsella": 1.921150501468625, "genuslevel_Escherichia": 3.0989081564753, "genuslevel_Faecalibacterium": 5.033933900667557, "genuslevel_Lachnospiraceae_NA": 2.706240232843792, "genuslevel_Parabacteroides": 2.3115351652870495, "genuslevel_Phocaeicola": 10.46420658691589, "genuslevel_Prevotella": 8.950459399198932, "genuslevel_Roseburia": 3.761188797329773, "genuslevel_Ruminococcus": 3.0597331076101466, "familylevel_Bacteroidaceae": 24.37611240213618, "familylevel_Bifidobacteriaceae": 8.54832842883845, "familylevel_Coriobacteriaceae": 1.9389546777036046, "familylevel_Enterobacteriaceae": 5.158074586381843, "familylevel_Lachnospiraceae": 18.419423246995994, "familylevel_Oscillospiraceae": 10.46036585847797, "familylevel_Prevotellaceae": 9.090958953805073, "familylevel_Tannerellaceae": 2.3115949698264355, "orderlevel_Bacteroidales": 40.47674252550067, "orderlevel_Bifidobacteriales": 8.54832842883845, "orderlevel_Coriobacteriales": 1.9582203572763683, "orderlevel_Enterobacterales": 5.273879943925234, "orderlevel_Eubacteriales": 32.073119617623504, "classlevel_Actinomycetia": 8.755290805874498, "classlevel_Bacteroidia": 40.47674252550067, "classlevel_Clostridia": 32.073119617623504, "classlevel_Coriobacteriia": 2.3579549313751667, "classlevel_Gammaproteobacteria": 5.537753013084111, "phylumlevel_Actinobacteria": 11.113258536715621, "phylumlevel_Bacteroidetes": 40.48249215166889, "phylumlevel_Firmicutes": 39.985004883311085, "phylumlevel_Proteobacteria": 6.109310470493993, "specieslevel_glucose": -10.500454860360435, "specieslevel_maltose": -0.860878218613502, "specieslevel_acetate": 10.698999477279488, "specieslevel_butyrate": 1.8233211502756443, "specieslevel_formate": 8.52709468760983, "specieslevel_lactate": 7.045786915714297, "specieslevel_propionate": 1.7233965964362328, "specieslevel_succinate": 1.8960871853024575, "specieslevel_BM_represented": 43.67534575594125, "specieslevel_uptake": 12.222211297587439, "specieslevel_total_secretion": 31.714686012617946, "specieslevel_total_secretion_energy": 6.840274697948035, "specieslevel_dryweightBRD": 16.745796253534422, "genuslevel_glucose": -10.881114021306566, "genuslevel_maltose": -0.6106706871897781, "genuslevel_acetate": 11.35039610360198, "genuslevel_butyrate": 1.5174562177055309, "genuslevel_formate": 7.551883809555891, "genuslevel_lactate": 5.641745347937089, "genuslevel_propionate": 1.895148174374907, "genuslevel_succinate": 2.354506261067627, "genuslevel_BM_represented": 63.7404286141522, "genuslevel_uptake": 12.102455395686123, "genuslevel_total_secretion": 30.31113591424302, "genuslevel_total_secretion_energy": 6.583263458285592, "genuslevel_dryweightBRD": 16.89077256205368, "familylevel_glucose": -10.728391607255888, "familylevel_maltose": -0.5508981576206101, "familylevel_acetate": 10.875425460917754, "familylevel_butyrate": 2.2131147498978736, "familylevel_formate": 7.413532098231456, "familylevel_lactate": 5.249227088643017, "familylevel_propionate": 1.9093044055475437, "familylevel_succinate": 1.742559300832679, "familylevel_BM_represented": 80.30381312416556, "familylevel_uptake": 11.830187922497108, "familylevel_total_secretion": 29.403163104070323, "familylevel_total_secretion_energy": 6.5006679343441744, "familylevel_dryweightBRD": 17.217538091757877, "orderlevel_glucose": -9.764322989220783, "orderlevel_maltose": -0.7649219474907593, "orderlevel_acetate": 10.656904646966778, "orderlevel_butyrate": 2.1390816122950818, "orderlevel_formate": 7.3550735116698815, "orderlevel_lactate": 4.269231178269148, "orderlevel_propionate": 2.0723298144010758, "orderlevel_succinate": 1.975770015259352, "orderlevel_BM_represented": 88.33029087316422, "orderlevel_uptake": 11.294166884202301, "orderlevel_total_secretion": 28.46839077886132, "orderlevel_total_secretion_energy": 6.23715793990705, "orderlevel_dryweightBRD": 17.834742436061752, "classlevel_glucose": -9.809388581066905, "classlevel_maltose": -0.7509614021440553, "classlevel_acetate": 10.765987122894536, "classlevel_butyrate": 2.104266505050476, "classlevel_formate": 7.415885804262503, "classlevel_lactate": 4.264895983537122, "classlevel_propionate": 2.074337393855627, "classlevel_succinate": 1.9761980498027594, "classlevel_BM_represented": 89.20086089345794, "classlevel_uptake": 11.311311385355017, "classlevel_total_secretion": 28.601570859403026, "classlevel_total_secretion_energy": 6.241427686656927, "classlevel_dryweightBRD": 17.81220020647993, "phylumlevel_glucose": -9.40141304562536, "phylumlevel_maltose": -0.8635722887869525, "phylumlevel_acetate": 10.04688276659692, "phylumlevel_butyrate": 2.420370988159223, "phylumlevel_formate": 7.364206449792294, "phylumlevel_lactate": 4.0782354604177105, "phylumlevel_propionate": 2.117057248343652, "phylumlevel_succinate": 1.8375218394546098, "phylumlevel_BM_represented": 97.69006604218959, "phylumlevel_uptake": 11.128557623199265, "phylumlevel_total_secretion": 27.864274752764413, "phylumlevel_total_secretion_energy": 6.159075040856805, "phylumlevel_dryweightBRD": 17.97066547804024}