{"glucose": -6.588704786095198, "acetate": 14.69764671787137, "propionate": 3.0641379444967916, "succinate": 1.467010086394923, "lactate": 6.040933395946197, "butyrate": 0.928420324804861, "formate": 8.543713969873936, "maltose": -0.4327187454836221, "uptake": 7.4541422770624415, "uptake_carbon": 44.72485366237465, "total_secretion": 34.74186243938808, "total_secretion_carbon": 71.77180512724799}