{"glucose": -6.588704786095198, "acetate": 14.697646717871372, "propionate": 3.064137944496793, "succinate": 1.4670100863949231, "lactate": 6.040933395946196, "butyrate": 0.9284203248048607, "formate": 8.543713969873936, "maltose": -0.3983387474182595, "uptake": 7.385382280931717, "uptake_carbon": 44.312293685590305, "total_secretion": 34.74186243938808, "total_secretion_carbon": 71.77180512724799}