{"glucose": -13.123249904850711, "acetate": 9.128185053932127, "propionate": 0.3446897319799901, "succinate": 2.3439022777987364, "lactate": 9.388545591718286, "butyrate": 2.9118644143617396, "formate": 4.702845548736842, "maltose": -0.05159031360880985, "uptake": 13.226430532068331, "uptake_carbon": 79.35858319240998, "total_secretion": 28.820032618527723, "total_secretion_carbon": 72.83729866435785}