{"glucose": -12.645457040233786, "acetate": 9.421816493954221, "propionate": 0.24056506420223223, "succinate": 2.2119833016087944, "lactate": 9.303477224090157, "butyrate": 2.8433095401026236, "formate": 4.964078151828918, "maltose": -0.038341975685373245, "uptake": 12.722140991604533, "uptake_carbon": 76.3328459496272, "total_secretion": 28.985229775786948, "total_secretion_carbon": 72.42044430725797}