{"glucose": -14.765116488772527, "acetate": 14.487237043843486, "propionate": 2.2781361815572705, "succinate": 1.8029321515555696, "lactate": 0.9840548413151311, "butyrate": 0.0, "formate": 18.37105159216651, "maltose": -0.08760858398227567, "uptake": 14.940333656737078, "uptake_carbon": 89.64200194042246, "total_secretion": 37.92341181043797, "total_secretion_carbon": 62.0656911731357}