{"glucose": -14.76511648877252, "acetate": 14.487237043843482, "propionate": 2.2781361815572705, "succinate": 1.8029321515555692, "lactate": 0.9840548413151315, "butyrate": 0.0, "formate": 18.37105159216651, "maltose": -0.02460573020197445, "uptake": 14.81432794917647, "uptake_carbon": 88.88596769505881, "total_secretion": 37.92341181043796, "total_secretion_carbon": 62.06569117313568}