{"glucose": -4.528451468553497, "acetate": 9.798549902631152, "propionate": 2.802206612009569, "succinate": 1.1247517938068292, "lactate": 6.944902579249709, "butyrate": 2.7024016923692304, "formate": 10.621978186028855, "maltose": -2.4495802151829342, "uptake": 9.427611898919366, "uptake_carbon": 56.5656713935162, "total_secretion": 33.99479076609535, "total_secretion_carbon": 71.96681289776367}