{"glucose": -10.612578579775516, "acetate": 11.222338060585743, "propionate": 2.0681800396749326, "succinate": 2.187493249125806, "lactate": 4.7105060668398515, "butyrate": 1.510642707342015, "formate": 7.411612013296617, "maltose": -0.5246525626856666, "uptake": 11.661883705146849, "uptake_carbon": 69.9713022308811, "total_secretion": 29.110772136864966, "total_secretion_carbon": 62.916710240208815}