{"glucose": -10.858721180688017, "acetate": 12.844363425100488, "propionate": 2.3112700617108497, "succinate": 1.983167993607639, "lactate": 4.184815628937861, "butyrate": 1.1709566518481773, "formate": 7.269982549466864, "maltose": -1.6243897980581266, "uptake": 14.107500776804269, "uptake_carbon": 84.6450046608256, "total_secretion": 29.76455631067188, "total_secretion_carbon": 62.7521949917264}