{"glucose": -10.517083158976904, "maltose": -1.3846886139645134, "acetate": 13.27704490537093, "butyrate": 1.935412060933149, "formate": 7.575859047211202, "lactate": 5.521694666663262, "propionate": 3.692048528835439, "succinate": 1.0339939087133774, "BM_represented": 54.112290711743775, "uptake": 13.286460386905931, "total_secretion": 33.03605311772736, "total_secretion_energy": 7.355048704617938, "dryweightBRD": 15.195795553892268, "specieslevel_Bacteroides finegoldii": 0.02619285587188612, "specieslevel_Bacteroides fragilis": 0.13361478647686834, "specieslevel_Bacteroides ovatus": 0.1455647153024911, "specieslevel_Bacteroides thetaiotaomicron": 0.12492660142348753, "specieslevel_Bacteroides uniformis": 1.5660471886120995, "specieslevel_Bifidobacterium adolescentis": 8.870582606761566, "specieslevel_Bifidobacterium longum": 4.684411966192171, "specieslevel_Blautia hydrogenotrophica": 0.03176410142348754, "specieslevel_Blautia wexlerae": 1.4235711120996442, "specieslevel_Collinsella aerofaciens": 7.027155169039146, "specieslevel_Dorea longicatena": 3.2642280693950183, "specieslevel_Escherichia coli": 0.3144429715302491, "specieslevel_Eubacterium rectale": 4.2021288167259785, "specieslevel_Eubacterium siraeum": 0.6168582028469751, "specieslevel_Faecalibacterium prausnitzii": 6.4644332295373665, "specieslevel_Fusicatenibacter saccharivorans": 4.2297241103202845, "specieslevel_Lachnospira eligens": 0.377402384341637, "specieslevel_Parabacteroides distasonis": 0.2942941103202847, "specieslevel_Phocaeicola vulgatus": 0.9957601779359431, "specieslevel_Prevotella copri": 1.87431024911032, "specieslevel_Roseburia intestinalis": 0.39653382562277584, "specieslevel_Ruminococcus bromii": 7.048343460854093, "genuslevel_Bacteroides": 3.2430166637010673, "genuslevel_Bifidobacterium": 16.12583380782918, "genuslevel_Blautia": 3.332552571174377, "genuslevel_Collinsella": 7.108945987544485, "genuslevel_Dorea": 4.299996352313168, "genuslevel_Escherichia": 0.3168356494661922, "genuslevel_Faecalibacterium": 6.4644332295373665, "genuslevel_Fusicatenibacter": 4.2297241103202845, "genuslevel_Lachnospira": 0.5742325266903915, "genuslevel_Lachnospiraceae_NA": 4.202152064056939, "genuslevel_Oscillospiraceae_NA": 0.6654498576512456, "genuslevel_Parabacteroides": 0.6321306672597865, "genuslevel_Phocaeicola": 1.7925368861209963, "genuslevel_Prevotella": 2.376968140569395, "genuslevel_Roseburia": 4.344425106761565, "genuslevel_Ruminococcus": 8.373475177935942, "familylevel_Bacteroidaceae": 5.035599964412811, "familylevel_Bifidobacteriaceae": 16.142812758007114, "familylevel_Coriobacteriaceae": 7.169687909252669, "familylevel_Enterobacteriaceae": 0.37923330071174377, "familylevel_Lachnospiraceae": 34.57615451957295, "familylevel_Oscillospiraceae": 17.065748540925266, "familylevel_Prevotellaceae": 2.422417553380783, "familylevel_Tannerellaceae": 0.6321306672597865, "orderlevel_Bacteroidales": 10.39677809608541, "orderlevel_Bifidobacteriales": 16.142812758007114, "orderlevel_Coriobacteriales": 7.203160204626335, "orderlevel_Enterobacterales": 0.38175391459074737, "orderlevel_Eubacteriales": 55.00576975088968, "classlevel_Actinomycetia": 16.238329297153022, "classlevel_Bacteroidia": 10.39677809608541, "classlevel_Clostridia": 55.00576975088968, "classlevel_Coriobacteriia": 8.333897642348756, "classlevel_Gammaproteobacteria": 0.44325203736654806, "phylumlevel_Actinobacteria": 24.57222693950178, "phylumlevel_Bacteroidetes": 10.396778371886121, "phylumlevel_Firmicutes": 60.23105830071175, "phylumlevel_Proteobacteria": 0.5354235676156583, "specieslevel_glucose": -10.517083158976904, "specieslevel_maltose": -1.3846886139645136, "specieslevel_acetate": 13.27704490537093, "specieslevel_butyrate": 1.935412060933149, "specieslevel_formate": 7.575859047211202, "specieslevel_lactate": 5.521694666663262, "specieslevel_propionate": 3.69204852883544, "specieslevel_succinate": 1.0339939087133776, "specieslevel_BM_represented": 54.112290711743775, "specieslevel_uptake": 13.286460386905931, "specieslevel_total_secretion": 33.03605311772736, "specieslevel_total_secretion_energy": 7.355048704617938, "specieslevel_dryweightBRD": 15.195795553892268, "genuslevel_glucose": -10.594780617900774, "genuslevel_maltose": -1.1643514389354181, "genuslevel_acetate": 13.799366266790376, "genuslevel_butyrate": 1.8776365403260005, "genuslevel_formate": 6.942126076800649, "genuslevel_lactate": 4.748093453984336, "genuslevel_propionate": 3.4145711476644367, "genuslevel_succinate": 1.1316929088355767, "genuslevel_BM_represented": 68.08270879893237, "genuslevel_uptake": 12.92348349577161, "genuslevel_total_secretion": 31.913486394401378, "genuslevel_total_secretion_energy": 7.1119095286269784, "genuslevel_dryweightBRD": 15.589730989290757, "familylevel_glucose": -11.171121571222235, "familylevel_maltose": -2.4475202006653696, "familylevel_acetate": 14.778975146808701, "familylevel_butyrate": 1.6159476697555155, "familylevel_formate": 6.276731038680861, "familylevel_lactate": 4.070989648155225, "familylevel_propionate": 2.912596886181028, "familylevel_succinate": 1.090149967974719, "familylevel_BM_represented": 83.42378521352313, "familylevel_uptake": 16.066161972552973, "familylevel_total_secretion": 30.745390357556044, "familylevel_total_secretion_energy": 6.757418989351798, "familylevel_dryweightBRD": 12.390208102332462, "orderlevel_glucose": -11.267582844245577, "orderlevel_maltose": -2.2017938593123265, "orderlevel_acetate": 14.558313357204547, "orderlevel_butyrate": 1.5860511582017218, "orderlevel_formate": 6.226370436012103, "orderlevel_lactate": 3.7403742295126423, "orderlevel_propionate": 2.9017156426187123, "orderlevel_succinate": 1.2311349103433917, "orderlevel_BM_represented": 89.1302747241993, "orderlevel_uptake": 15.671170562870232, "orderlevel_total_secretion": 30.243959733893117, "orderlevel_total_secretion_energy": 6.633159258509567, "orderlevel_dryweightBRD": 12.658603357637759, "classlevel_glucose": -11.29287792441007, "classlevel_maltose": -2.1687677650838757, "classlevel_acetate": 14.50427454286533, "classlevel_butyrate": 1.5721491945982897, "classlevel_formate": 6.279977310243182, "classlevel_lactate": 3.7476393348089276, "classlevel_propionate": 2.908788721496727, "classlevel_succinate": 1.2238105316618129, "classlevel_BM_represented": 90.41802682384342, "classlevel_uptake": 15.63041345457782, "classlevel_total_secretion": 30.236639635674273, "classlevel_total_secretion_energy": 6.616959834031818, "classlevel_dryweightBRD": 12.693293800173732, "phylumlevel_glucose": -11.194143502695887, "phylumlevel_maltose": -2.2431665421149933, "phylumlevel_acetate": 14.473638560110752, "phylumlevel_butyrate": 1.6175275236696383, "phylumlevel_formate": 6.283331627426646, "phylumlevel_lactate": 3.6821536184367623, "phylumlevel_propionate": 2.9059752000159977, "phylumlevel_succinate": 1.2096997422430462, "phylumlevel_BM_represented": 95.73548717971529, "phylumlevel_uptake": 15.680476586925877, "phylumlevel_total_secretion": 30.17232627190284, "phylumlevel_total_secretion_energy": 6.606391835229018, "phylumlevel_dryweightBRD": 12.645298620869754}