{"glucose": -10.719081671016044, "maltose": -1.442975844207194, "acetate": 10.443466132505822, "butyrate": 1.7884052363632736, "formate": 8.313874501392869, "lactate": 7.181680396631399, "propionate": 2.2814803191960547, "succinate": 1.6854951283150443, "BM_represented": 49.495526967129784, "uptake": 13.60503335943043, "total_secretion": 31.694401714404464, "total_secretion_energy": 6.943979105919443, "dryweightBRD": 15.111413831993493, "specieslevel_Bacteroides finegoldii": 0.20635774878572236, "specieslevel_Bacteroides fragilis": 0.7003960578335027, "specieslevel_Bacteroides ovatus": 0.9335433604427877, "specieslevel_Bacteroides thetaiotaomicron": 0.8145109849768442, "specieslevel_Bacteroides uniformis": 5.442728156557099, "specieslevel_Bifidobacterium adolescentis": 2.6727538777815436, "specieslevel_Bifidobacterium longum": 2.0205579272562972, "specieslevel_Blautia hydrogenotrophica": 0.011668180277871906, "specieslevel_Blautia wexlerae": 0.6052467559019541, "specieslevel_Collinsella aerofaciens": 2.173247396362815, "specieslevel_Dorea longicatena": 1.2331181859256748, "specieslevel_Escherichia coli": 1.3121204179374224, "specieslevel_Eubacterium rectale": 3.241457208855755, "specieslevel_Eubacterium siraeum": 0.9867436857562408, "specieslevel_Faecalibacterium prausnitzii": 5.805277380548967, "specieslevel_Fusicatenibacter saccharivorans": 2.1213290138935954, "specieslevel_Lachnospira eligens": 1.3403155269400207, "specieslevel_Parabacteroides distasonis": 1.3088135287473173, "specieslevel_Phocaeicola vulgatus": 5.7246022184570196, "specieslevel_Prevotella copri": 6.946853662035467, "specieslevel_Roseburia intestinalis": 0.7585839986445274, "specieslevel_Ruminococcus bromii": 3.135301693211341, "genuslevel_Bacteroides": 13.640691442448887, "genuslevel_Bifidobacterium": 6.470786682480516, "genuslevel_Blautia": 1.4096546345871455, "genuslevel_Collinsella": 2.212517603072405, "genuslevel_Dorea": 1.675838593697052, "genuslevel_Escherichia": 1.3218791065175646, "genuslevel_Faecalibacterium": 5.805277380548967, "genuslevel_Fusicatenibacter": 2.1213290138935954, "genuslevel_Lachnospira": 2.206428454761098, "genuslevel_Lachnospiraceae_NA": 3.245751414209873, "genuslevel_Oscillospiraceae_NA": 1.0541917225799162, "genuslevel_Parabacteroides": 2.3224698588049253, "genuslevel_Phocaeicola": 10.198827935163221, "genuslevel_Prevotella": 8.942149650965773, "genuslevel_Roseburia": 4.30699870326443, "genuslevel_Ruminococcus": 4.273649761662713, "familylevel_Bacteroidaceae": 23.839525270529766, "familylevel_Bifidobacteriaceae": 6.493217207726194, "familylevel_Coriobacteriaceae": 2.23158744380436, "familylevel_Enterobacteriaceae": 1.8460125234383828, "familylevel_Lachnospiraceae": 22.596002323506152, "familylevel_Oscillospiraceae": 12.975247592906358, "familylevel_Prevotellaceae": 9.122059889303062, "familylevel_Tannerellaceae": 2.3224912402575395, "orderlevel_Bacteroidales": 41.309669240935285, "orderlevel_Bifidobacteriales": 6.493217207726194, "orderlevel_Coriobacteriales": 2.251057599683723, "orderlevel_Enterobacterales": 1.866383272337061, "orderlevel_Eubacteriales": 38.84252660115215, "classlevel_Actinomycetia": 6.60892327007794, "classlevel_Bacteroidia": 41.309669240935285, "classlevel_Clostridia": 38.84252660115215, "classlevel_Coriobacteriia": 2.6912449214955383, "classlevel_Gammaproteobacteria": 1.9891828431040326, "phylumlevel_Actinobacteria": 9.30019464362363, "phylumlevel_Bacteroidetes": 41.30981805602621, "phylumlevel_Firmicutes": 44.26335415452389, "phylumlevel_Proteobacteria": 2.5986109906246466, "specieslevel_glucose": -10.719081671016044, "specieslevel_maltose": -1.442975844207194, "specieslevel_acetate": 10.443466132505822, "specieslevel_butyrate": 1.7884052363632736, "specieslevel_formate": 8.313874501392869, "specieslevel_lactate": 7.181680396631399, "specieslevel_propionate": 2.281480319196054, "specieslevel_succinate": 1.6854951283150443, "specieslevel_BM_represented": 49.495526967129784, "specieslevel_uptake": 13.605033359430431, "specieslevel_total_secretion": 31.694401714404467, "specieslevel_total_secretion_energy": 6.943979105919443, "specieslevel_dryweightBRD": 15.111413831993493, "genuslevel_glucose": -10.897165189398335, "genuslevel_maltose": -1.0629512404827361, "genuslevel_acetate": 10.899951666109066, "genuslevel_butyrate": 1.5425489958079888, "genuslevel_formate": 7.5027044460819265, "genuslevel_lactate": 5.535197712070272, "genuslevel_propionate": 2.2168117443498154, "genuslevel_succinate": 2.161865338993294, "genuslevel_BM_represented": 71.20844195865807, "genuslevel_uptake": 13.02306767036381, "genuslevel_total_secretion": 29.859079903412365, "genuslevel_total_secretion_energy": 6.516222440133265, "genuslevel_dryweightBRD": 15.63605591623497, "familylevel_glucose": -10.824798772651894, "familylevel_maltose": -1.9259175296124431, "familylevel_acetate": 12.549100530186333, "familylevel_butyrate": 1.1472035640829616, "familylevel_formate": 7.398981082843416, "familylevel_lactate": 5.6102677738302384, "familylevel_propionate": 2.1502553074718076, "familylevel_succinate": 1.8446465075105776, "familylevel_BM_represented": 81.42614349147182, "familylevel_uptake": 14.676633831876783, "familylevel_total_secretion": 30.70045476592534, "familylevel_total_secretion_energy": 6.542912536494625, "familylevel_dryweightBRD": 13.747308798985943, "orderlevel_glucose": -10.8628344875329, "orderlevel_maltose": -1.5313389354854499, "orderlevel_acetate": 12.269598507387116, "orderlevel_butyrate": 1.0912442915701361, "orderlevel_formate": 7.053470906602467, "orderlevel_lactate": 4.4377557596841095, "orderlevel_propionate": 2.2153828044918797, "orderlevel_succinate": 2.1626207276591525, "orderlevel_BM_represented": 90.76285392183442, "orderlevel_uptake": 13.9255123585038, "orderlevel_total_secretion": 29.230072997394856, "orderlevel_total_secretion_energy": 6.206757218482812, "orderlevel_dryweightBRD": 14.394530074952604, "classlevel_glucose": -10.876067746524194, "classlevel_maltose": -1.51547784403199, "classlevel_acetate": 12.29037870459726, "classlevel_butyrate": 1.0838811003905795, "classlevel_formate": 7.093528533098712, "classlevel_lactate": 4.432742075392315, "classlevel_propionate": 2.2178961052328185, "classlevel_succinate": 2.157473758170367, "classlevel_BM_represented": 91.44154687676495, "classlevel_uptake": 13.907023434588176, "classlevel_total_secretion": 29.27590027688205, "classlevel_total_secretion_energy": 6.204714696925465, "classlevel_dryweightBRD": 14.41521043337272, "phylumlevel_glucose": -10.742191097415981, "phylumlevel_maltose": -1.6288280527901502, "phylumlevel_acetate": 12.233823408743417, "phylumlevel_butyrate": 1.1630711100869413, "phylumlevel_formate": 7.136386731335761, "phylumlevel_lactate": 4.305081212854513, "phylumlevel_propionate": 2.24188455899101, "phylumlevel_succinate": 2.0960734653391913, "phylumlevel_BM_represented": 97.47197784479837, "phylumlevel_uptake": 13.999847202996282, "phylumlevel_total_secretion": 29.17632048735083, "phylumlevel_total_secretion_energy": 6.178660427672098, "phylumlevel_dryweightBRD": 14.286387380077826}