{"glucose": -10.749696195381638, "maltose": -1.446938195245237, "acetate": 10.411572462988136, "butyrate": 1.806786142909244, "formate": 8.283731739810275, "lactate": 7.2574439987260675, "propionate": 2.2991886095624747, "succinate": 1.662700321524247, "BM_represented": 50.09558733887733, "uptake": 13.64357258587211, "total_secretion": 31.721423275520443, "total_secretion_energy": 6.970187432406763, "dryweightBRD": 15.051055224015917, "specieslevel_Bacteroides finegoldii": 0.20726953650483063, "specieslevel_Bacteroides fragilis": 0.7012581019933961, "specieslevel_Bacteroides ovatus": 0.9090295572948515, "specieslevel_Bacteroides thetaiotaomicron": 0.8120429216093922, "specieslevel_Bacteroides uniformis": 5.500008015164485, "specieslevel_Bifidobacterium adolescentis": 2.71494127919775, "specieslevel_Bifidobacterium longum": 2.0707308132566955, "specieslevel_Blautia hydrogenotrophica": 0.012026210101504217, "specieslevel_Blautia wexlerae": 0.6167407337654397, "specieslevel_Collinsella aerofaciens": 2.194220694631283, "specieslevel_Dorea longicatena": 1.252936139170845, "specieslevel_Escherichia coli": 1.2542183086706615, "specieslevel_Eubacterium rectale": 3.293169050996698, "specieslevel_Eubacterium siraeum": 0.9932457099180628, "specieslevel_Faecalibacterium prausnitzii": 5.9107558322123035, "specieslevel_Fusicatenibacter saccharivorans": 2.1854276323835147, "specieslevel_Lachnospira eligens": 1.3446877473401002, "specieslevel_Parabacteroides distasonis": 1.3083413574660634, "specieslevel_Phocaeicola vulgatus": 5.757828380824263, "specieslevel_Prevotella copri": 7.146997127308303, "specieslevel_Roseburia intestinalis": 0.774584803717745, "specieslevel_Ruminococcus bromii": 3.13512738534915, "genuslevel_Bacteroides": 13.7500166051119, "genuslevel_Bifidobacterium": 6.613315900697077, "genuslevel_Blautia": 1.4220049309037543, "genuslevel_Collinsella": 2.232367902653785, "genuslevel_Dorea": 1.6990744123761772, "genuslevel_Escherichia": 1.2644759691818515, "genuslevel_Faecalibacterium": 5.9107558322123035, "genuslevel_Fusicatenibacter": 2.1854276323835147, "genuslevel_Lachnospira": 2.2256539146386203, "genuslevel_Lachnospiraceae_NA": 3.2975133019444782, "genuslevel_Oscillospiraceae_NA": 1.060156153846154, "genuslevel_Parabacteroides": 2.32743686559863, "genuslevel_Phocaeicola": 10.260320627369449, "genuslevel_Prevotella": 8.76706721169133, "genuslevel_Roseburia": 4.394036485263545, "genuslevel_Ruminococcus": 4.298890158982513, "familylevel_Bacteroidaceae": 24.010343612571845, "familylevel_Bifidobacteriaceae": 6.620762125473891, "familylevel_Coriobacteriaceae": 2.2512955594961475, "familylevel_Enterobacteriaceae": 1.7670513048795402, "familylevel_Lachnospiraceae": 22.864188708572826, "familylevel_Oscillospiraceae": 13.115698614406261, "familylevel_Prevotellaceae": 8.950335358933595, "familylevel_Tannerellaceae": 2.327460014675309, "orderlevel_Bacteroidales": 41.383191734132325, "orderlevel_Bifidobacteriales": 6.620762125473891, "orderlevel_Coriobacteriales": 2.2679719224654518, "orderlevel_Enterobacterales": 1.7813901308548366, "orderlevel_Eubacteriales": 39.23204801516448, "classlevel_Actinomycetia": 6.718938419958419, "classlevel_Bacteroidia": 41.383191734132325, "classlevel_Clostridia": 39.23204801516448, "classlevel_Coriobacteriia": 2.704215808976397, "classlevel_Gammaproteobacteria": 1.8621792540051363, "phylumlevel_Actinobacteria": 9.423182041090865, "phylumlevel_Bacteroidetes": 41.38325212669683, "phylumlevel_Firmicutes": 44.3611520997921, "phylumlevel_Proteobacteria": 2.370551595939831, "specieslevel_glucose": -10.74969619538164, "specieslevel_maltose": -1.446938195245237, "specieslevel_acetate": 10.411572462988138, "specieslevel_butyrate": 1.806786142909244, "specieslevel_formate": 8.283731739810275, "specieslevel_lactate": 7.2574439987260675, "specieslevel_propionate": 2.2991886095624747, "specieslevel_succinate": 1.662700321524247, "specieslevel_BM_represented": 50.09558733887733, "specieslevel_uptake": 13.64357258587211, "specieslevel_total_secretion": 31.721423275520443, "specieslevel_total_secretion_energy": 6.970187432406763, "specieslevel_dryweightBRD": 15.051055224015917, "genuslevel_glucose": -10.87459959080609, "genuslevel_maltose": -1.0691804409333772, "genuslevel_acetate": 10.89701579393221, "genuslevel_butyrate": 1.5630683835322168, "genuslevel_formate": 7.4510155466434265, "genuslevel_lactate": 5.432368574067012, "genuslevel_propionate": 2.2414872831590675, "genuslevel_succinate": 2.165760125484965, "genuslevel_BM_represented": 71.70851390485508, "genuslevel_uptake": 13.012960472672845, "genuslevel_total_secretion": 29.750715706818895, "genuslevel_total_secretion_energy": 6.502874445548074, "genuslevel_dryweightBRD": 15.640063482848563, "familylevel_glucose": -10.804448375949468, "familylevel_maltose": -1.9399211203964306, "familylevel_acetate": 12.567490605603775, "familylevel_butyrate": 1.1560816408980623, "familylevel_formate": 7.346516524737138, "familylevel_lactate": 5.51775174027062, "familylevel_propionate": 2.1665784728976885, "familylevel_succinate": 1.848946630093174, "familylevel_BM_represented": 81.90713529900943, "familylevel_uptake": 14.684290616742329, "familylevel_total_secretion": 30.603365614500458, "familylevel_total_secretion_energy": 6.528448376538777, "familylevel_dryweightBRD": 13.734495928293345, "orderlevel_glucose": -10.869873408827502, "orderlevel_maltose": -1.5426171698160875, "orderlevel_acetate": 12.2895714640514, "orderlevel_butyrate": 1.098785597412299, "orderlevel_formate": 7.024414289942718, "orderlevel_lactate": 4.434294668814155, "orderlevel_propionate": 2.2252670245109964, "orderlevel_succinate": 2.151372209255253, "orderlevel_BM_represented": 91.28536392809099, "orderlevel_uptake": 13.955107748459676, "orderlevel_total_secretion": 29.223705253986818, "orderlevel_total_secretion_energy": 6.21333855321482, "orderlevel_dryweightBRD": 14.358235003662738, "classlevel_glucose": -10.881926823799613, "classlevel_maltose": -1.527514229936515, "classlevel_acetate": 12.298461624683366, "classlevel_butyrate": 1.0918837099770276, "classlevel_formate": 7.059448031268757, "classlevel_lactate": 4.4315071315804335, "classlevel_propionate": 2.22763907535458, "classlevel_succinate": 2.1471006215297304, "classlevel_BM_represented": 91.90057323223675, "classlevel_uptake": 13.936955283672644, "classlevel_total_secretion": 29.256040194393893, "classlevel_total_secretion_energy": 6.210036505425002, "classlevel_dryweightBRD": 14.378053178068416, "phylumlevel_glucose": -10.755126737234708, "phylumlevel_maltose": -1.6315526256249155, "phylumlevel_acetate": 12.228161128087814, "phylumlevel_butyrate": 1.1650104846226252, "phylumlevel_formate": 7.101801072469258, "phylumlevel_lactate": 4.31447147313683, "phylumlevel_propionate": 2.2489793186939977, "phylumlevel_succinate": 2.091473084022955, "phylumlevel_BM_represented": 97.53813786351964, "phylumlevel_uptake": 14.01823198848454, "phylumlevel_total_secretion": 29.149896561033483, "phylumlevel_total_secretion_energy": 6.1825475332024045, "phylumlevel_dryweightBRD": 14.26248576959433}