{"glucose": -9.834746501487214, "maltose": -1.3853332917317938, "acetate": 8.269949348552771, "butyrate": 1.8971308682018224, "formate": 8.314286130743797, "lactate": 6.528921690784942, "propionate": 1.3929052391484673, "succinate": 2.4815597686151296, "BM_represented": 56.52975415525114, "uptake": 12.605413084950802, "total_secretion": 28.88475304604693, "total_secretion_energy": 6.286478027806439, "dryweightBRD": 16.215213487980044, "specieslevel_Bacteroides finegoldii": 0.6961933789954338, "specieslevel_Bacteroides fragilis": 2.326931278538813, "specieslevel_Bacteroides ovatus": 1.6133969406392694, "specieslevel_Bacteroides thetaiotaomicron": 1.8611240639269406, "specieslevel_Bacteroides uniformis": 11.27522200913242, "specieslevel_Bifidobacterium adolescentis": 0.18727858447488585, "specieslevel_Bifidobacterium longum": 0.1268490410958904, "specieslevel_Blautia hydrogenotrophica": 0.0006335616438356164, "specieslevel_Blautia wexlerae": 0.2234216438356164, "specieslevel_Collinsella aerofaciens": 0.18393278538812782, "specieslevel_Dorea longicatena": 0.27457849315068494, "specieslevel_Escherichia coli": 1.2534109589041096, "specieslevel_Eubacterium rectale": 1.6453733333333331, "specieslevel_Eubacterium siraeum": 0.9720338356164383, "specieslevel_Faecalibacterium prausnitzii": 8.06193488584475, "specieslevel_Fusicatenibacter saccharivorans": 0.4684740182648402, "specieslevel_Lachnospira eligens": 0.8945743378995432, "specieslevel_Parabacteroides distasonis": 1.8919585844748859, "specieslevel_Phocaeicola vulgatus": 13.790633150684933, "specieslevel_Prevotella copri": 5.0419229680365305, "specieslevel_Roseburia intestinalis": 2.471745479452055, "specieslevel_Ruminococcus bromii": 1.268130821917808, "genuslevel_Bacteroides": 26.646571963470322, "genuslevel_Bifidobacterium": 0.4152513698630137, "genuslevel_Blautia": 0.3582041095890411, "genuslevel_Collinsella": 0.21561926940639267, "genuslevel_Dorea": 0.3659446118721461, "genuslevel_Escherichia": 1.2534425570776258, "genuslevel_Faecalibacterium": 8.06193488584475, "genuslevel_Fusicatenibacter": 0.4684740182648402, "genuslevel_Lachnospira": 1.5046585388127853, "genuslevel_Lachnospiraceae_NA": 1.6453733333333331, "genuslevel_Oscillospiraceae_NA": 1.1179060730593608, "genuslevel_Parabacteroides": 3.3110095433789954, "genuslevel_Phocaeicola": 21.471711415525114, "genuslevel_Prevotella": 5.70869497716895, "genuslevel_Roseburia": 6.665900091324201, "genuslevel_Ruminococcus": 1.7671063013698631, "familylevel_Bacteroidaceae": 48.118283378995436, "familylevel_Bifidobacteriaceae": 0.41560127853881285, "familylevel_Coriobacteriaceae": 0.21686031963470323, "familylevel_Enterobacteriaceae": 1.8826968493150682, "familylevel_Lachnospiraceae": 14.157836118721455, "familylevel_Oscillospiraceae": 12.959947945205476, "familylevel_Prevotellaceae": 5.953044063926941, "familylevel_Tannerellaceae": 3.3110095433789954, "orderlevel_Bacteroidales": 64.01229561643835, "orderlevel_Bifidobacteriales": 0.41560127853881285, "orderlevel_Coriobacteriales": 0.21711210045662102, "orderlevel_Enterobacterales": 2.0382987214611874, "orderlevel_Eubacteriales": 28.594317351598168, "classlevel_Actinomycetia": 0.42942488584474886, "classlevel_Bacteroidia": 64.01229561643835, "classlevel_Clostridia": 28.594317351598168, "classlevel_Coriobacteriia": 0.2413309132420091, "classlevel_Gammaproteobacteria": 2.195957123287671, "phylumlevel_Actinobacteria": 0.6707557990867582, "phylumlevel_Bacteroidetes": 64.01229561643835, "phylumlevel_Firmicutes": 31.136090365296813, "phylumlevel_Proteobacteria": 2.7464792694063926, "specieslevel_glucose": -9.834746501487214, "specieslevel_maltose": -1.385333291731794, "specieslevel_acetate": 8.269949348552771, "specieslevel_butyrate": 1.8971308682018224, "specieslevel_formate": 8.314286130743797, "specieslevel_lactate": 6.5289216907849426, "specieslevel_propionate": 1.3929052391484673, "specieslevel_succinate": 2.4815597686151296, "specieslevel_BM_represented": 56.52975415525114, "specieslevel_uptake": 12.605413084950802, "specieslevel_total_secretion": 28.88475304604693, "specieslevel_total_secretion_energy": 6.286478027806439, "specieslevel_dryweightBRD": 16.215213487980044, "genuslevel_glucose": -9.91057216872233, "genuslevel_maltose": -0.9803461980586019, "genuslevel_acetate": 8.998999348682084, "genuslevel_butyrate": 1.5345244435137884, "genuslevel_formate": 7.424163267095898, "genuslevel_lactate": 3.6989400852760927, "genuslevel_propionate": 1.5320448564431977, "genuslevel_succinate": 3.282586158873071, "genuslevel_BM_represented": 80.97780305936071, "genuslevel_uptake": 11.871264564839532, "genuslevel_total_secretion": 26.471258159884133, "genuslevel_total_secretion_energy": 5.656980416069806, "genuslevel_dryweightBRD": 17.034562847410974, "familylevel_glucose": -9.814617606879281, "familylevel_maltose": -1.806087931176131, "familylevel_acetate": 10.924236516021557, "familylevel_butyrate": 0.8550294008679994, "familylevel_formate": 7.606610469900776, "familylevel_lactate": 4.769196586069118, "familylevel_propionate": 1.779298431996274, "familylevel_succinate": 2.6808196365637946, "familylevel_BM_represented": 87.01527949771689, "familylevel_uptake": 13.426793469231542, "familylevel_total_secretion": 28.615191041419518, "familylevel_total_secretion_energy": 5.935975319220281, "familylevel_dryweightBRD": 15.04652468997234, "orderlevel_glucose": -10.649837024196124, "orderlevel_maltose": -1.100037170048717, "orderlevel_acetate": 10.670891732113741, "orderlevel_butyrate": 0.7818283378439091, "orderlevel_formate": 7.495253541777792, "orderlevel_lactate": 4.915608615871407, "orderlevel_propionate": 1.8115440096436124, "orderlevel_succinate": 2.729700158428812, "orderlevel_BM_represented": 95.27762506849317, "orderlevel_uptake": 12.849911364293558, "orderlevel_total_secretion": 28.404826395679272, "orderlevel_total_secretion_energy": 5.922552183262792, "orderlevel_dryweightBRD": 15.552248494718215, "classlevel_glucose": -10.641040473425074, "classlevel_maltose": -1.0831267448043116, "classlevel_acetate": 10.702869651541924, "classlevel_butyrate": 0.77090435315921, "classlevel_formate": 7.567029662568975, "classlevel_lactate": 4.904326265456782, "classlevel_propionate": 1.7984712902340547, "classlevel_succinate": 2.739542810691092, "classlevel_BM_represented": 95.47332589041095, "classlevel_uptake": 12.807293963033695, "classlevel_total_secretion": 28.48314403365204, "classlevel_total_secretion_energy": 5.918570347302725, "classlevel_dryweightBRD": 15.604417319040687, "phylumlevel_glucose": -10.617732833970168, "phylumlevel_maltose": -1.1355814729710991, "phylumlevel_acetate": 10.740364879265854, "phylumlevel_butyrate": 0.8062383190251986, "phylumlevel_formate": 7.525518481815519, "phylumlevel_lactate": 4.861686712859249, "phylumlevel_propionate": 1.8224090066768461, "phylumlevel_succinate": 2.702588162531386, "phylumlevel_BM_represented": 98.56562105022832, "phylumlevel_uptake": 12.888895779912366, "phylumlevel_total_secretion": 28.458805562174053, "phylumlevel_total_secretion_energy": 5.926300236764217, "phylumlevel_dryweightBRD": 15.480480866092552}