{"glucose": -9.803341654454012, "maltose": -1.4045606074241208, "acetate": 8.514293988066797, "butyrate": 1.8792932550462533, "formate": 8.339683045044506, "lactate": 6.118241938854172, "propionate": 1.3236255419658776, "succinate": 2.6634433170399605, "BM_represented": 59.41194828638498, "uptake": 12.612462869302254, "total_secretion": 28.838581086017562, "total_secretion_energy": 6.232835114601716, "dryweightBRD": 16.413418078814523, "specieslevel_Bacteroides finegoldii": 0.4231055399061032, "specieslevel_Bacteroides fragilis": 2.962432370892019, "specieslevel_Bacteroides ovatus": 1.853944319248826, "specieslevel_Bacteroides thetaiotaomicron": 1.8730661737089203, "specieslevel_Bacteroides uniformis": 9.150098028169014, "specieslevel_Bifidobacterium adolescentis": 0.22612037558685447, "specieslevel_Bifidobacterium longum": 0.368894131455399, "specieslevel_Blautia hydrogenotrophica": 0.0023441079812206575, "specieslevel_Blautia wexlerae": 0.14845044600938967, "specieslevel_Collinsella aerofaciens": 0.16772187793427232, "specieslevel_Dorea longicatena": 0.2938130046948357, "specieslevel_Escherichia coli": 1.6170874178403756, "specieslevel_Eubacterium rectale": 2.081269084507042, "specieslevel_Eubacterium siraeum": 0.8052197417840377, "specieslevel_Faecalibacterium prausnitzii": 8.991499014084509, "specieslevel_Fusicatenibacter saccharivorans": 0.38499281690140846, "specieslevel_Lachnospira eligens": 0.6042178638497653, "specieslevel_Parabacteroides distasonis": 2.2422490845070424, "specieslevel_Phocaeicola vulgatus": 15.470123732394365, "specieslevel_Prevotella copri": 6.778833732394366, "specieslevel_Roseburia intestinalis": 2.148282910798122, "specieslevel_Ruminococcus bromii": 0.8181825117370892, "genuslevel_Bacteroides": 27.1799734741784, "genuslevel_Bifidobacterium": 0.9504399295774648, "genuslevel_Blautia": 0.303206338028169, "genuslevel_Collinsella": 0.192256103286385, "genuslevel_Dorea": 0.36589673708920184, "genuslevel_Escherichia": 1.6172844366197185, "genuslevel_Faecalibacterium": 8.991499014084509, "genuslevel_Fusicatenibacter": 0.38499281690140846, "genuslevel_Lachnospira": 1.0239260093896714, "genuslevel_Lachnospiraceae_NA": 2.0813649765258218, "genuslevel_Oscillospiraceae_NA": 0.936540117370892, "genuslevel_Parabacteroides": 3.8137919483568075, "genuslevel_Phocaeicola": 20.25603469483568, "genuslevel_Prevotella": 7.233335915492958, "genuslevel_Roseburia": 5.681941455399061, "genuslevel_Ruminococcus": 1.1796482394366197, "familylevel_Bacteroidaceae": 47.43600816901409, "familylevel_Bifidobacteriaceae": 0.9508475821596244, "familylevel_Coriobacteriaceae": 0.1934317605633803, "familylevel_Enterobacteriaceae": 2.569615704225352, "familylevel_Lachnospiraceae": 12.577469342723004, "familylevel_Oscillospiraceae": 12.956162323943664, "familylevel_Prevotellaceae": 7.400401408450704, "familylevel_Tannerellaceae": 3.8137919483568075, "orderlevel_Bacteroidales": 64.25104145539906, "orderlevel_Bifidobacteriales": 0.9508475821596244, "orderlevel_Coriobacteriales": 0.19356119718309858, "orderlevel_Enterobacterales": 2.8022187089201878, "orderlevel_Eubacteriales": 26.72947807511737, "classlevel_Actinomycetia": 0.9862187089201878, "classlevel_Bacteroidia": 64.25104145539906, "classlevel_Clostridia": 26.72947807511737, "classlevel_Coriobacteriia": 0.20845971830985915, "classlevel_Gammaproteobacteria": 3.026774600938967, "phylumlevel_Actinobacteria": 1.1946784272300468, "phylumlevel_Bacteroidetes": 64.25104145539906, "phylumlevel_Firmicutes": 29.34756755868545, "phylumlevel_Proteobacteria": 3.783056220657277, "specieslevel_glucose": -9.803341654454012, "specieslevel_maltose": -1.4045606074241206, "specieslevel_acetate": 8.514293988066797, "specieslevel_butyrate": 1.8792932550462533, "specieslevel_formate": 8.339683045044506, "specieslevel_lactate": 6.118241938854172, "specieslevel_propionate": 1.3236255419658776, "specieslevel_succinate": 2.663443317039961, "specieslevel_BM_represented": 59.41194828638498, "specieslevel_uptake": 12.612462869302254, "specieslevel_total_secretion": 28.838581086017562, "specieslevel_total_secretion_energy": 6.232835114601716, "specieslevel_dryweightBRD": 16.41341807881452, "genuslevel_glucose": -9.930511417095792, "genuslevel_maltose": -1.0380418039622208, "genuslevel_acetate": 9.10311868991223, "genuslevel_butyrate": 1.5767816246489494, "genuslevel_formate": 7.6045099437034525, "genuslevel_lactate": 4.008076378584294, "genuslevel_propionate": 1.478723206323166, "genuslevel_succinate": 3.176758558972132, "genuslevel_BM_represented": 82.19213220657275, "genuslevel_uptake": 12.006595025020232, "genuslevel_total_secretion": 26.947968402144223, "genuslevel_total_secretion_energy": 5.745007242201378, "genuslevel_dryweightBRD": 17.017623351332983, "familylevel_glucose": -9.899214945333453, "familylevel_maltose": -1.7836064431340342, "familylevel_acetate": 11.034240475763719, "familylevel_butyrate": 0.8083420806688193, "familylevel_formate": 7.731339505644228, "familylevel_lactate": 5.072448146743001, "familylevel_propionate": 1.7424774542537682, "familylevel_succinate": 2.655214534883209, "familylevel_BM_represented": 87.89772823943662, "familylevel_uptake": 13.466427831601521, "familylevel_total_secretion": 29.04406219795674, "familylevel_total_secretion_energy": 6.012030160915206, "familylevel_dryweightBRD": 15.111069591433132, "orderlevel_glucose": -10.70383610291873, "orderlevel_maltose": -1.0290533262468078, "orderlevel_acetate": 10.796666698205257, "orderlevel_butyrate": 0.7337052594638575, "orderlevel_formate": 7.584505465504285, "orderlevel_lactate": 4.9446517374788534, "orderlevel_propionate": 1.7880831342964754, "orderlevel_succinate": 2.7612607686468773, "orderlevel_BM_represented": 94.92714701877935, "orderlevel_uptake": 12.761942755412347, "orderlevel_total_secretion": 28.60887306359561, "orderlevel_total_secretion_energy": 5.936206451314903, "orderlevel_dryweightBRD": 15.704744251829185, "classlevel_glucose": -10.692590385921843, "classlevel_maltose": -1.0187411319107817, "classlevel_acetate": 10.814403757091146, "classlevel_butyrate": 0.7271210105222352, "classlevel_formate": 7.640379004430503, "classlevel_lactate": 4.933722068704934, "classlevel_propionate": 1.7779213620060748, "classlevel_succinate": 2.7683467294920314, "classlevel_BM_represented": 95.20197255868544, "classlevel_uptake": 12.73007264974341, "classlevel_total_secretion": 28.661893932246926, "classlevel_total_secretion_energy": 5.931691723692712, "classlevel_dryweightBRD": 15.740829671226196, "phylumlevel_glucose": -10.640763812061376, "phylumlevel_maltose": -1.0724404342649787, "phylumlevel_acetate": 10.821040492417147, "phylumlevel_butyrate": 0.7652158728213663, "phylumlevel_formate": 7.656429764786722, "phylumlevel_lactate": 4.870362903928776, "phylumlevel_propionate": 1.7952873562818124, "phylumlevel_succinate": 2.7318756977020975, "phylumlevel_BM_represented": 98.57634366197183, "phylumlevel_uptake": 12.785644680591332, "phylumlevel_total_secretion": 28.640212087937922, "phylumlevel_total_secretion_energy": 5.925282088568233, "phylumlevel_dryweightBRD": 15.649310679113917}