{"glucose": -10.528043476322194, "maltose": -1.3790019370205613, "acetate": 13.272275129222498, "butyrate": 1.9310448535432498, "formate": 7.591718749413825, "lactate": 5.523576782601449, "propionate": 3.691789746146981, "succinate": 1.036979438080713, "BM_represented": 53.93695771896054, "uptake": 13.286047350363317, "total_secretion": 33.04738469900872, "total_secretion_energy": 7.353376243021132, "dryweightBRD": 15.198032474130688, "specieslevel_Bacteroides finegoldii": 0.025819913378248318, "specieslevel_Bacteroides fragilis": 0.14074256015399422, "specieslevel_Bacteroides ovatus": 0.14451843118383062, "specieslevel_Bacteroides thetaiotaomicron": 0.1277948989412897, "specieslevel_Bacteroides uniformis": 1.5698131472569778, "specieslevel_Bifidobacterium adolescentis": 8.820358200192494, "specieslevel_Bifidobacterium longum": 4.713575582290664, "specieslevel_Blautia hydrogenotrophica": 0.03232821944177094, "specieslevel_Blautia wexlerae": 1.398186573628489, "specieslevel_Collinsella aerofaciens": 7.008504215591915, "specieslevel_Dorea longicatena": 3.25316718960539, "specieslevel_Escherichia coli": 0.3347581231953801, "specieslevel_Eubacterium rectale": 4.156418267564966, "specieslevel_Eubacterium siraeum": 0.6045947738209817, "specieslevel_Faecalibacterium prausnitzii": 6.45980968238691, "specieslevel_Fusicatenibacter saccharivorans": 4.231482540904716, "specieslevel_Lachnospira eligens": 0.3785285274302214, "specieslevel_Parabacteroides distasonis": 0.29989461020211744, "specieslevel_Phocaeicola vulgatus": 0.9940400192492783, "specieslevel_Prevotella copri": 1.8721056304138595, "specieslevel_Roseburia intestinalis": 0.3958987487969201, "specieslevel_Ruminococcus bromii": 6.974617863330126, "genuslevel_Bacteroides": 3.2631148026948993, "genuslevel_Bifidobacterium": 16.090297372473533, "genuslevel_Blautia": 3.31391718960539, "genuslevel_Collinsella": 7.084508046198268, "genuslevel_Dorea": 4.287207237728585, "genuslevel_Escherichia": 0.3373259672762271, "genuslevel_Faecalibacterium": 6.45980968238691, "genuslevel_Fusicatenibacter": 4.231482540904716, "genuslevel_Lachnospira": 0.5743986333012512, "genuslevel_Lachnospiraceae_NA": 4.156440625601539, "genuslevel_Oscillospiraceae_NA": 0.6529891434071222, "genuslevel_Parabacteroides": 0.636145822906641, "genuslevel_Phocaeicola": 1.7856695572666026, "genuslevel_Prevotella": 2.373912386910491, "genuslevel_Roseburia": 4.317547247353224, "genuslevel_Ruminococcus": 8.317781203079885, "familylevel_Bacteroidaceae": 5.048834571703561, "familylevel_Bifidobacteriaceae": 16.107573792107797, "familylevel_Coriobacteriaceae": 7.148534610202118, "familylevel_Enterobacteriaceae": 0.4022825794032724, "familylevel_Lachnospiraceae": 34.53383826756496, "familylevel_Oscillospiraceae": 17.005566727622714, "familylevel_Prevotellaceae": 2.419111684311838, "familylevel_Tannerellaceae": 0.636145822906641, "orderlevel_Bacteroidales": 10.409635563041386, "orderlevel_Bifidobacteriales": 16.107573792107797, "orderlevel_Coriobacteriales": 7.180539432146294, "orderlevel_Enterobacterales": 0.4048777189605389, "orderlevel_Eubacteriales": 54.88861845043311, "classlevel_Actinomycetia": 16.20594146294514, "classlevel_Bacteroidia": 10.409635563041386, "classlevel_Clostridia": 54.88861845043311, "classlevel_Coriobacteriia": 8.317765476419632, "classlevel_Gammaproteobacteria": 0.4710570067372473, "phylumlevel_Actinobacteria": 24.52370693936477, "phylumlevel_Bacteroidetes": 10.409635861405196, "phylumlevel_Firmicutes": 60.200675717035615, "phylumlevel_Proteobacteria": 0.5604835707410972, "specieslevel_glucose": -10.528043476322194, "specieslevel_maltose": -1.3790019370205613, "specieslevel_acetate": 13.272275129222498, "specieslevel_butyrate": 1.93104485354325, "specieslevel_formate": 7.591718749413825, "specieslevel_lactate": 5.523576782601449, "specieslevel_propionate": 3.691789746146981, "specieslevel_succinate": 1.0369794380807131, "specieslevel_BM_represented": 53.93695771896054, "specieslevel_uptake": 13.286047350363317, "specieslevel_total_secretion": 33.04738469900872, "specieslevel_total_secretion_energy": 7.353376243021132, "specieslevel_dryweightBRD": 15.198032474130686, "genuslevel_glucose": -10.598939948082569, "genuslevel_maltose": -1.1594077972082824, "genuslevel_acetate": 13.795185125021215, "genuslevel_butyrate": 1.8735118160390578, "genuslevel_formate": 6.953530963397873, "genuslevel_lactate": 4.751239868588226, "genuslevel_propionate": 3.414110164674759, "genuslevel_succinate": 1.1356453693044957, "genuslevel_BM_represented": 67.88254745909528, "genuslevel_uptake": 12.917755542499131, "genuslevel_total_secretion": 31.92322330702562, "genuslevel_total_secretion_energy": 7.11117727110816, "genuslevel_dryweightBRD": 15.5982956307517, "familylevel_glucose": -11.172824031121488, "familylevel_maltose": -2.4430715282516875, "familylevel_acetate": 14.776631968735062, "familylevel_butyrate": 1.6146019807231997, "familylevel_formate": 6.282112111235697, "familylevel_lactate": 4.070986247002999, "familylevel_propionate": 2.911076174666938, "familylevel_succinate": 1.0921138297677804, "familylevel_BM_represented": 83.3018880558229, "familylevel_uptake": 16.05896708762486, "familylevel_total_secretion": 30.74752231213168, "familylevel_total_secretion_energy": 6.756370368264585, "familylevel_dryweightBRD": 12.39606186760731, "orderlevel_glucose": -11.266015550555666, "orderlevel_maltose": -2.200435694571777, "orderlevel_acetate": 14.556206781278394, "orderlevel_butyrate": 1.5851067037835602, "orderlevel_formate": 6.231240165811464, "orderlevel_lactate": 3.740353942460779, "orderlevel_propionate": 2.9001604538373815, "orderlevel_succinate": 1.2327484032764056, "orderlevel_BM_represented": 88.99124495668913, "orderlevel_uptake": 15.666886939699221, "orderlevel_total_secretion": 30.245816450447986, "orderlevel_total_secretion_energy": 6.632224504147309, "orderlevel_dryweightBRD": 12.662196624230909, "classlevel_glucose": -11.291613305836096, "classlevel_maltose": -2.1670087138080474, "classlevel_acetate": 14.502448663845815, "classlevel_butyrate": 1.570987770668617, "classlevel_formate": 6.285575198556068, "classlevel_lactate": 3.747662989445819, "classlevel_propionate": 2.907216882773244, "classlevel_succinate": 1.225435726599271, "classlevel_BM_represented": 90.29301795957652, "classlevel_uptake": 15.625630733452192, "classlevel_total_secretion": 30.23932723188883, "classlevel_total_secretion_energy": 6.615983754874258, "classlevel_dryweightBRD": 12.69747596202357, "phylumlevel_glucose": -11.191977319307423, "phylumlevel_maltose": -2.242575480902009, "phylumlevel_acetate": 14.471782024206048, "phylumlevel_butyrate": 1.6170696630283952, "phylumlevel_formate": 6.2877649702818905, "phylumlevel_lactate": 3.6815304162461753, "phylumlevel_propionate": 2.9046008779024977, "phylumlevel_succinate": 1.2109634191481529, "phylumlevel_BM_represented": 95.69450208854668, "phylumlevel_uptake": 15.677128281111441, "phylumlevel_total_secretion": 30.17371137081316, "phylumlevel_total_secretion_energy": 6.605504642936532, "phylumlevel_dryweightBRD": 12.648052432384109}