{"glucose": -9.743460749415707, "maltose": -0.9268572343706201, "acetate": 8.152189538343, "butyrate": 2.0024195950143757, "formate": 8.436432707339673, "lactate": 6.271293599392557, "propionate": 1.2614950630720767, "succinate": 2.712726488342956, "BM_represented": 57.172910305164315, "uptake": 11.597175218156947, "total_secretion": 28.83655699150464, "total_secretion_energy": 6.266079589399181, "dryweightBRD": 17.383601747408918, "specieslevel_Bacteroides finegoldii": 0.4231055399061032, "specieslevel_Bacteroides fragilis": 2.962432370892019, "specieslevel_Bacteroides ovatus": 1.853944319248826, "specieslevel_Bacteroides thetaiotaomicron": 1.8730661737089203, "specieslevel_Bacteroides uniformis": 9.150098028169014, "specieslevel_Bifidobacterium adolescentis": 0.22612037558685447, "specieslevel_Bifidobacterium longum": 0.368894131455399, "specieslevel_Collinsella aerofaciens": 0.16772187793427232, "specieslevel_Escherichia coli": 1.6170874178403756, "specieslevel_Eubacterium rectale": 2.081269084507042, "specieslevel_Faecalibacterium prausnitzii": 8.991499014084509, "specieslevel_Parabacteroides distasonis": 2.2422490845070424, "specieslevel_Phocaeicola vulgatus": 15.470123732394365, "specieslevel_Prevotella copri": 6.778833732394366, "specieslevel_Roseburia intestinalis": 2.148282910798122, "specieslevel_Ruminococcus bromii": 0.8181825117370892, "genuslevel_Bacteroides": 27.1799734741784, "genuslevel_Bifidobacterium": 0.9504399295774648, "genuslevel_Collinsella": 0.192256103286385, "genuslevel_Escherichia": 1.6172844366197185, "genuslevel_Faecalibacterium": 8.991499014084509, "genuslevel_Lachnospiraceae_NA": 2.0813649765258218, "genuslevel_Parabacteroides": 3.8137919483568075, "genuslevel_Phocaeicola": 20.25603469483568, "genuslevel_Prevotella": 7.233335915492958, "genuslevel_Roseburia": 5.681941455399061, "genuslevel_Ruminococcus": 1.1796482394366197, "familylevel_Bacteroidaceae": 47.43600816901409, "familylevel_Bifidobacteriaceae": 0.9508475821596244, "familylevel_Coriobacteriaceae": 0.1934317605633803, "familylevel_Enterobacteriaceae": 2.569615704225352, "familylevel_Lachnospiraceae": 12.577469342723004, "familylevel_Oscillospiraceae": 12.956162323943664, "familylevel_Prevotellaceae": 7.400401408450704, "familylevel_Tannerellaceae": 3.8137919483568075, "orderlevel_Bacteroidales": 64.25104145539906, "orderlevel_Bifidobacteriales": 0.9508475821596244, "orderlevel_Coriobacteriales": 0.19356119718309858, "orderlevel_Enterobacterales": 2.8022187089201878, "orderlevel_Eubacteriales": 26.72947807511737, "classlevel_Actinomycetia": 0.9862187089201878, "classlevel_Bacteroidia": 64.25104145539906, "classlevel_Clostridia": 26.72947807511737, "classlevel_Coriobacteriia": 0.20845971830985915, "classlevel_Gammaproteobacteria": 3.026774600938967, "phylumlevel_Actinobacteria": 1.1946784272300468, "phylumlevel_Bacteroidetes": 64.25104145539906, "phylumlevel_Firmicutes": 29.34756755868545, "phylumlevel_Proteobacteria": 3.783056220657277, "specieslevel_glucose": -9.743460749415707, "specieslevel_maltose": -0.9268572343706204, "specieslevel_acetate": 8.152189538343, "specieslevel_butyrate": 2.0024195950143757, "specieslevel_formate": 8.436432707339675, "specieslevel_lactate": 6.271293599392557, "specieslevel_propionate": 1.2614950630720767, "specieslevel_succinate": 2.712726488342956, "specieslevel_BM_represented": 57.172910305164315, "specieslevel_uptake": 11.597175218156947, "specieslevel_total_secretion": 28.83655699150464, "specieslevel_total_secretion_energy": 6.266079589399181, "specieslevel_dryweightBRD": 17.383601747408925, "genuslevel_glucose": -9.86589399445736, "genuslevel_maltose": -0.6482115034734036, "genuslevel_acetate": 8.835092094148589, "genuslevel_butyrate": 1.6549031585921319, "genuslevel_formate": 7.680220283140646, "genuslevel_lactate": 4.063516095211318, "genuslevel_propionate": 1.4500919875235858, "genuslevel_succinate": 3.2623513297941655, "genuslevel_BM_represented": 79.17757018779342, "genuslevel_uptake": 11.162317001404165, "genuslevel_total_secretion": 26.946174948410437, "genuslevel_total_secretion_energy": 5.767859807768473, "genuslevel_dryweightBRD": 17.999189075488253, "familylevel_glucose": -9.694477851172214, "familylevel_maltose": -0.6284476964815442, "familylevel_acetate": 9.176135718939369, "familylevel_butyrate": 1.7174009483188548, "familylevel_formate": 7.595161512450846, "familylevel_lactate": 4.92659544221027, "familylevel_propionate": 1.7296318517519873, "familylevel_succinate": 2.501840076025007, "familylevel_BM_represented": 87.89772823943662, "familylevel_uptake": 10.951373244135302, "familylevel_total_secretion": 27.646765549696333, "familylevel_total_secretion_energy": 5.986439702549698, "familylevel_dryweightBRD": 18.328025713734863, "orderlevel_glucose": -9.737520873834974, "orderlevel_maltose": -0.6043057638695679, "orderlevel_acetate": 9.020659043766306, "orderlevel_butyrate": 1.6841029027558267, "orderlevel_formate": 7.42910609941088, "orderlevel_lactate": 4.8123819067325755, "orderlevel_propionate": 1.7498721460411875, "orderlevel_succinate": 2.540351976350894, "orderlevel_BM_represented": 94.92714701877935, "orderlevel_uptake": 10.946132401574108, "orderlevel_total_secretion": 27.23647407505767, "orderlevel_total_secretion_energy": 5.920137343367265, "orderlevel_dryweightBRD": 18.150910310535814, "classlevel_glucose": -9.735958649595954, "classlevel_maltose": -0.5982499858875538, "classlevel_acetate": 9.05619356329657, "classlevel_butyrate": 1.6679946719717151, "classlevel_formate": 7.486536903079341, "classlevel_lactate": 4.802777720481923, "classlevel_propionate": 1.7400932879561146, "classlevel_succinate": 2.5496516751419738, "classlevel_BM_represented": 95.20197255868544, "classlevel_uptake": 10.932458621371064, "classlevel_total_secretion": 27.30324782192764, "classlevel_total_secretion_energy": 5.91578364507148, "classlevel_dryweightBRD": 18.17363359833089, "phylumlevel_glucose": -9.633706648468962, "phylumlevel_maltose": -0.6297845984297157, "phylumlevel_acetate": 8.97015252421906, "phylumlevel_butyrate": 1.7556843308689878, "phylumlevel_formate": 7.494478426204934, "phylumlevel_lactate": 4.732516291797356, "phylumlevel_propionate": 1.755465310336288, "phylumlevel_succinate": 2.5016529141978383, "phylumlevel_BM_represented": 98.57634366197183, "phylumlevel_uptake": 10.893275845328393, "phylumlevel_total_secretion": 27.209949797624468, "phylumlevel_total_secretion_energy": 5.908535472366652, "phylumlevel_dryweightBRD": 18.224935663025477}