{"glucose": -10.238297486574478, "maltose": -1.5790698158550345, "acetate": 9.41844941238037, "butyrate": 1.9838759557758625, "formate": 8.461649227698613, "lactate": 7.436387705178386, "propionate": 2.690477391233251, "succinate": 1.738671207325821, "BM_represented": 49.57162189781022, "uptake": 13.396437118284547, "total_secretion": 31.729510899592302, "total_secretion_energy": 7.084896085705792, "dryweightBRD": 15.152581221070854, "specieslevel_Bacteroides finegoldii": 0.12636122262773722, "specieslevel_Bacteroides fragilis": 0.4583440145985401, "specieslevel_Bacteroides ovatus": 0.9049864233576643, "specieslevel_Bacteroides thetaiotaomicron": 0.7081143248175182, "specieslevel_Bacteroides uniformis": 6.179558102189781, "specieslevel_Bifidobacterium adolescentis": 2.0322037043795618, "specieslevel_Bifidobacterium longum": 0.9973407664233577, "specieslevel_Blautia hydrogenotrophica": 0.014130392335766424, "specieslevel_Blautia wexlerae": 0.6711661678832118, "specieslevel_Collinsella aerofaciens": 1.661864753649635, "specieslevel_Dorea longicatena": 1.0820198083941603, "specieslevel_Escherichia coli": 0.42178750000000004, "specieslevel_Eubacterium rectale": 3.0536091149635034, "specieslevel_Eubacterium siraeum": 0.9388923905109491, "specieslevel_Faecalibacterium prausnitzii": 7.278003868613139, "specieslevel_Fusicatenibacter saccharivorans": 3.9159801003649632, "specieslevel_Lachnospira eligens": 1.3451741332116787, "specieslevel_Parabacteroides distasonis": 1.4452470255474454, "specieslevel_Phocaeicola vulgatus": 6.104971167883211, "specieslevel_Prevotella copri": 6.339961961678831, "specieslevel_Roseburia intestinalis": 0.6086225273722627, "specieslevel_Ruminococcus bromii": 3.2832824270072996, "genuslevel_Bacteroides": 14.585929945255476, "genuslevel_Bifidobacterium": 3.833122600364963, "genuslevel_Blautia": 1.7821383029197082, "genuslevel_Collinsella": 1.6797112317518246, "genuslevel_Dorea": 1.4173594069343065, "genuslevel_Escherichia": 0.42292992700729926, "genuslevel_Faecalibacterium": 7.278003868613139, "genuslevel_Fusicatenibacter": 3.9159801003649632, "genuslevel_Lachnospira": 2.609460063868613, "genuslevel_Lachnospiraceae_NA": 3.0536536222627735, "genuslevel_Oscillospiraceae_NA": 0.9947240693430657, "genuslevel_Parabacteroides": 2.606255383211679, "genuslevel_Phocaeicola": 10.59873961678832, "genuslevel_Prevotella": 7.337356770072993, "genuslevel_Roseburia": 3.4329465693430654, "genuslevel_Ruminococcus": 4.652432125912409, "familylevel_Bacteroidaceae": 25.184669562043794, "familylevel_Bifidobacteriaceae": 3.836690428832117, "familylevel_Coriobacteriaceae": 1.6897522536496348, "familylevel_Enterobacteriaceae": 0.5305590967153284, "familylevel_Lachnospiraceae": 24.012355346715328, "familylevel_Oscillospiraceae": 15.268004032846715, "familylevel_Prevotellaceae": 7.480555510948906, "familylevel_Tannerellaceae": 2.6062556569343065, "orderlevel_Bacteroidales": 44.92056450729927, "orderlevel_Bifidobacteriales": 3.836690428832117, "orderlevel_Coriobacteriales": 1.694166432481752, "orderlevel_Enterobacterales": 0.5387301642335767, "orderlevel_Eubacteriales": 41.83666330291971, "classlevel_Actinomycetia": 3.8440055109489046, "classlevel_Bacteroidia": 44.92056450729927, "classlevel_Clostridia": 41.83666330291971, "classlevel_Coriobacteriia": 1.9704070437956205, "classlevel_Gammaproteobacteria": 0.5637003467153284, "phylumlevel_Actinobacteria": 5.814412554744527, "phylumlevel_Bacteroidetes": 44.92056450729927, "phylumlevel_Firmicutes": 45.28345669708029, "phylumlevel_Proteobacteria": 1.1805392883211678, "specieslevel_glucose": -10.238297486574478, "specieslevel_maltose": -1.5790698158550347, "specieslevel_acetate": 9.41844941238037, "specieslevel_butyrate": 1.9838759557758625, "specieslevel_formate": 8.461649227698613, "specieslevel_lactate": 7.436387705178385, "specieslevel_propionate": 2.690477391233251, "specieslevel_succinate": 1.738671207325821, "specieslevel_BM_represented": 49.57162189781022, "specieslevel_uptake": 13.396437118284547, "specieslevel_total_secretion": 31.729510899592302, "specieslevel_total_secretion_energy": 7.084896085705792, "specieslevel_dryweightBRD": 15.152581221070854, "genuslevel_glucose": -10.394598255793047, "genuslevel_maltose": -1.1784275943872897, "genuslevel_acetate": 9.973390239062324, "genuslevel_butyrate": 1.6308209751912852, "genuslevel_formate": 7.57699838890617, "genuslevel_lactate": 5.170293423359987, "genuslevel_propionate": 2.4666045670156618, "genuslevel_succinate": 2.3783697522308707, "genuslevel_BM_represented": 70.20074360401459, "genuslevel_uptake": 12.751453444567627, "genuslevel_total_secretion": 29.1964773457663, "genuslevel_total_secretion_energy": 6.417492487610261, "genuslevel_dryweightBRD": 15.826721305490945, "familylevel_glucose": -10.242343699632814, "familylevel_maltose": -2.289747347363585, "familylevel_acetate": 12.035611256784703, "familylevel_butyrate": 1.2778701726288277, "familylevel_formate": 7.14188044753271, "familylevel_lactate": 5.069436341690739, "familylevel_propionate": 2.1812995664847783, "familylevel_succinate": 1.8937868273270118, "familylevel_BM_represented": 80.60884188868613, "familylevel_uptake": 14.821838394359984, "familylevel_total_secretion": 29.59988461244877, "familylevel_total_secretion_energy": 6.353728943886814, "familylevel_dryweightBRD": 13.450271556788444, "orderlevel_glucose": -10.676289617459044, "orderlevel_maltose": -1.6081915508333395, "orderlevel_acetate": 11.653701513720577, "orderlevel_butyrate": 1.1377481435055805, "orderlevel_formate": 6.958230391106146, "orderlevel_lactate": 4.463536329194408, "orderlevel_propionate": 2.175827298737486, "orderlevel_succinate": 2.2163840326938677, "orderlevel_BM_represented": 92.82681483576643, "orderlevel_uptake": 13.892672719125722, "orderlevel_total_secretion": 28.605427708958068, "orderlevel_total_secretion_energy": 6.114827693441041, "orderlevel_dryweightBRD": 14.29641114905231, "classlevel_glucose": -10.682280921044654, "classlevel_maltose": -1.6024938909727573, "classlevel_acetate": 11.647976831093894, "classlevel_butyrate": 1.1360781343116424, "classlevel_formate": 6.971331915793512, "classlevel_lactate": 4.461951554679669, "classlevel_propionate": 2.179282336291252, "classlevel_succinate": 2.2117759985333922, "classlevel_BM_represented": 93.13534071167884, "classlevel_uptake": 13.887268702990168, "classlevel_total_secretion": 28.60839677070336, "classlevel_total_secretion_energy": 6.111853601315848, "classlevel_dryweightBRD": 14.301611683278711, "phylumlevel_glucose": -10.613471801240184, "phylumlevel_maltose": -1.663116280547678, "phylumlevel_acetate": 11.746559386887752, "phylumlevel_butyrate": 1.176989101381207, "phylumlevel_formate": 7.037586973466585, "phylumlevel_lactate": 4.36819821136752, "phylumlevel_propionate": 2.1905697087578693, "phylumlevel_succinate": 2.172813699544736, "phylumlevel_BM_represented": 97.19897304744526, "phylumlevel_uptake": 13.939704362335542, "phylumlevel_total_secretion": 28.69271708140567, "phylumlevel_total_secretion_energy": 6.113040937792454, "phylumlevel_dryweightBRD": 14.242939773517065}