{"glucose": -9.749822476513497, "maltose": -1.4887232224351825, "acetate": 8.08171241553225, "butyrate": 2.038226900723457, "formate": 8.162601751387662, "lactate": 6.50055605881991, "propionate": 1.409466200017981, "succinate": 2.409978212133903, "BM_represented": 56.18996151515151, "uptake": 12.72726892138386, "total_secretion": 28.60254153861516, "total_secretion_energy": 6.2913157454233986, "dryweightBRD": 16.046814470254954, "specieslevel_Bacteroides finegoldii": 0.5690240404040404, "specieslevel_Bacteroides fragilis": 2.567955050505051, "specieslevel_Bacteroides ovatus": 1.2199684848484849, "specieslevel_Bacteroides thetaiotaomicron": 1.7615347474747471, "specieslevel_Bacteroides uniformis": 10.351690252525252, "specieslevel_Bifidobacterium adolescentis": 0.20714146464646468, "specieslevel_Bifidobacterium longum": 0.13819772727272728, "specieslevel_Blautia hydrogenotrophica": 0.0006269191919191919, "specieslevel_Blautia wexlerae": 0.2245781313131313, "specieslevel_Collinsella aerofaciens": 0.18878146464646467, "specieslevel_Dorea longicatena": 0.2954466666666667, "specieslevel_Escherichia coli": 1.276511919191919, "specieslevel_Eubacterium rectale": 1.683905, "specieslevel_Eubacterium siraeum": 1.0151621717171717, "specieslevel_Faecalibacterium prausnitzii": 8.607280252525253, "specieslevel_Fusicatenibacter saccharivorans": 0.3976414141414142, "specieslevel_Lachnospira eligens": 0.8847644444444445, "specieslevel_Parabacteroides distasonis": 1.6177544949494949, "specieslevel_Phocaeicola vulgatus": 13.495025757575755, "specieslevel_Prevotella copri": 5.563197373737375, "specieslevel_Roseburia intestinalis": 2.7260914141414143, "specieslevel_Ruminococcus bromii": 1.3976823232323232, "genuslevel_Bacteroides": 24.85112419191919, "genuslevel_Bifidobacterium": 0.4454731818181818, "genuslevel_Blautia": 0.32666934343434345, "genuslevel_Collinsella": 0.22382863636363637, "genuslevel_Dorea": 0.39430136363636353, "genuslevel_Escherichia": 1.2765468686868686, "genuslevel_Faecalibacterium": 8.607280252525253, "genuslevel_Fusicatenibacter": 0.3976414141414142, "genuslevel_Lachnospira": 1.5324722727272726, "genuslevel_Lachnospiraceae_NA": 1.683905, "genuslevel_Oscillospiraceae_NA": 1.1724323737373736, "genuslevel_Parabacteroides": 3.131360656565656, "genuslevel_Phocaeicola": 21.378648838383835, "genuslevel_Prevotella": 6.300375505050505, "genuslevel_Roseburia": 7.319410808080808, "genuslevel_Ruminococcus": 1.9422520202020201, "familylevel_Bacteroidaceae": 46.229773030303036, "familylevel_Bifidobacteriaceae": 0.44586020202020205, "familylevel_Coriobacteriaceae": 0.22520131313131314, "familylevel_Enterobacteriaceae": 1.6857344949494948, "familylevel_Lachnospiraceae": 14.875832828282826, "familylevel_Oscillospiraceae": 13.664661717171716, "familylevel_Prevotellaceae": 6.570633434343434, "familylevel_Tannerellaceae": 3.131360656565656, "orderlevel_Bacteroidales": 62.89698156565656, "orderlevel_Bifidobacteriales": 0.44586020202020205, "orderlevel_Coriobacteriales": 0.22547979797979795, "orderlevel_Enterobacterales": 1.7405278787878786, "orderlevel_Eubacteriales": 30.085845, "classlevel_Actinomycetia": 0.4611499494949495, "classlevel_Bacteroidia": 62.89698156565656, "classlevel_Clostridia": 30.085845, "classlevel_Coriobacteriia": 0.2519571717171717, "classlevel_Gammaproteobacteria": 1.9134359595959596, "phylumlevel_Actinobacteria": 0.7131071212121214, "phylumlevel_Bacteroidetes": 62.89698156565656, "phylumlevel_Firmicutes": 32.381066969696974, "phylumlevel_Proteobacteria": 2.505181717171717, "specieslevel_glucose": -9.749822476513497, "specieslevel_maltose": -1.488723222435182, "specieslevel_acetate": 8.08171241553225, "specieslevel_butyrate": 2.038226900723457, "specieslevel_formate": 8.16260175138766, "specieslevel_lactate": 6.50055605881991, "specieslevel_propionate": 1.409466200017981, "specieslevel_succinate": 2.409978212133903, "specieslevel_BM_represented": 56.18996151515151, "specieslevel_uptake": 12.72726892138386, "specieslevel_total_secretion": 28.60254153861516, "specieslevel_total_secretion_energy": 6.2913157454233986, "specieslevel_dryweightBRD": 16.046814470254954, "genuslevel_glucose": -9.878303565559897, "genuslevel_maltose": -1.0463606305949764, "genuslevel_acetate": 8.827620127953931, "genuslevel_butyrate": 1.6472253483569366, "genuslevel_formate": 7.35367543377297, "genuslevel_lactate": 3.784510057353053, "genuslevel_propionate": 1.5432216948787536, "genuslevel_succinate": 3.204994925438767, "genuslevel_BM_represented": 80.98372272727272, "genuslevel_uptake": 11.971024826749849, "genuslevel_total_secretion": 26.361247587754416, "genuslevel_total_secretion_energy": 5.684035927205534, "genuslevel_dryweightBRD": 16.888179370598124, "familylevel_glucose": -9.821298825125565, "familylevel_maltose": -1.8864603254785208, "familylevel_acetate": 10.948932625759447, "familylevel_butyrate": 0.8928476552955625, "familylevel_formate": 7.571661266925942, "familylevel_lactate": 4.903932609420328, "familylevel_propionate": 1.7979860257374016, "familylevel_succinate": 2.606726543303054, "familylevel_BM_represented": 86.82905767676769, "familylevel_uptake": 13.594219476082607, "familylevel_total_secretion": 28.72208672644174, "familylevel_total_secretion_energy": 5.985530778383822, "familylevel_dryweightBRD": 14.851080002633745, "orderlevel_glucose": -10.640995416195121, "orderlevel_maltose": -1.1513314261809673, "orderlevel_acetate": 10.68499011883523, "orderlevel_butyrate": 0.8164668215646198, "orderlevel_formate": 7.415511024533425, "orderlevel_lactate": 4.889344731499297, "orderlevel_propionate": 1.8406340901050515, "orderlevel_succinate": 2.692253804931319, "orderlevel_BM_represented": 95.39469444444444, "orderlevel_uptake": 12.943658268557055, "orderlevel_total_secretion": 28.33920059146894, "orderlevel_total_secretion_energy": 5.932140416677913, "orderlevel_dryweightBRD": 15.442104263175677, "classlevel_glucose": -10.631290097064344, "classlevel_maltose": -1.1326658208563825, "classlevel_acetate": 10.720283681498769, "classlevel_butyrate": 0.8044068872720922, "classlevel_formate": 7.494710224886625, "classlevel_lactate": 4.87690417165576, "classlevel_propionate": 1.8262016309627331, "classlevel_succinate": 2.7031253219251496, "classlevel_BM_represented": 95.60936964646463, "classlevel_uptake": 12.896621738777112, "classlevel_total_secretion": 28.42563191820113, "classlevel_total_secretion_energy": 5.927749250491897, "classlevel_dryweightBRD": 15.499680039077552, "phylumlevel_glucose": -10.603215259147284, "phylumlevel_maltose": -1.180667175776878, "phylumlevel_acetate": 10.77053734686117, "phylumlevel_butyrate": 0.8368791708596278, "phylumlevel_formate": 7.479385239772291, "phylumlevel_lactate": 4.82835818971122, "phylumlevel_propionate": 1.845765212218397, "phylumlevel_succinate": 2.6688487989511076, "phylumlevel_BM_represented": 98.49633737373738, "phylumlevel_uptake": 12.964549610701043, "phylumlevel_total_secretion": 28.42977395837381, "phylumlevel_total_secretion_energy": 5.93406691043576, "phylumlevel_dryweightBRD": 15.392085450063028}