,area,concentration
8,3707.229358396836,5.0
8,2283.1747842976242,3.0
9,361.5614127278029,0.5
8,5890.434910671741,8.0
8,6919.018189436554,10.0
8,762.3787245708672,1.0
