,area,concentration
13,2374.08077132146,5.0
13,1503.3182046991553,3.0
15,426.39892557720486,0.5
13,3668.1970047001264,8.0
13,4545.06741953638,10.0
13,602.5625540138178,1.0
