,area,concentration
9,743.1858993409036,5.0
9,472.39102844412395,3.0
10,96.33675844739757,0.5
9,1134.6420333875872,8.0
9,1407.1857546187443,10.0
9,200.1344248719978,1.0
