,area,concentration
1,17697.55037203757,5.0
1,10589.989348227029,3.0
1,1656.5135903846287,0.5
1,27879.432082079784,8.0
1,34761.05033390223,10.0
1,3582.2807070668496,1.0
