,area,concentration
7,1525.3860307506184,5.0
7,939.9919143418177,3.0
8,163.17534142778516,0.5
7,2362.511531155137,8.0
7,3386.0309682833445,10.0
7,321.4106342359235,1.0
