,area,concentration
2,14528.706138231079,10.0
2,7297.640627877317,5.0
2,1297.788850176085,1.0
2,21771.856504799962,15.0
2,29184.190809388358,20.0
2,4508.953769201615,3.0
