,area,concentration
12,737.7121468230807,5.0
12,489.56754765584157,3.0
12,1084.50552302031,8.0
12,1337.252008971873,10.0
12,270.18774088809226,1.0
