,area,concentration
11,1893.3249166694711,5.0
11,1147.3793895526917,3.0
13,207.92030577879248,0.5
11,2981.724598524305,8.0
11,3719.82391248334,10.0
11,382.98977366972514,1.0
